id,num_rep,num_rep_per,len_conversation,total_compound_conv,tot_pos_sen,tot_neg_sen,sum_tfidf,avg_tfidf,Is_satisfied
voip-dda7c88c6e-20130323_053612,2,0.14285714285714285,28,-0.013442857142857144,0.14285714285714285,0.14285714285714285,5.799495178976007,0.08787113907539404,0
voip-31de0daa7b-20130401_204621,11,0.55,40,0.0,0.0,0.0,3.6236573247491832,0.06837089291979591,0
voip-9819537952-20130327_023510,5,0.625,16,0.020628571428571437,0.14285714285714285,0.14285714285714285,2.821653012008192,0.10077332185743544,0
voip-e61fa89add-20130326_004919,0,0.0,6,0.07543333333333334,0.3333333333333333,0.0,3.3114702037491206,0.12264704458330077,0
voip-7e07d8f0f5-20130328_190516,8,0.5714285714285714,28,0.055766666666666666,0.25,0.0,4.426133380360434,0.08511794962231603,0
voip-0f41c16f2f-20130325_192310,4,0.6666666666666666,12,0.10275,0.3333333333333333,0.16666666666666666,2.839058183625569,0.08350171128310498,0
voip-7f9c1c8411-20130401_164058,11,0.8461538461538461,26,0.021881818181818183,0.18181818181818185,0.09090909090909093,2.8789068646866456,0.07576070696543805,0
voip-59bc8a2167-20130325_141345,6,0.75,16,0.07945,0.25,0.0,3.3997041463352056,0.09999129842162369,0
voip-b08f15a787-20130402_071910,12,0.8571428571428571,28,0.03653636363636364,0.09090909090909093,0.0,3.544603069539556,0.0864537334034038,0
voip-d0341706f2-20130329_052811,3,0.75,8,0.0,0.0,0.0,2.4823112632960287,0.12411556316480143,0
voip-e8997b10da-20130329_000819,4,0.4444444444444444,18,0.04095555555555555,0.4444444444444444,0.1111111111111111,4.678410567566753,0.08506201031939552,0
voip-edb8609855-20130327_182651,8,0.5333333333333333,30,0.012615384615384612,0.15384615384615385,0.15384615384615385,4.536857436682277,0.07561429061137129,0
voip-edb8609855-20130327_182309,0,0.0,16,0.00965,0.125,0.0,4.074332060792179,0.06905647560664711,0
voip-7e07d8f0f5-20130328_190850,10,0.8333333333333334,24,-0.0022799999999999986,0.1,0.1,1.7912756340965656,0.0663435420035765,0
voip-50af5438f1-20130327_042937,6,0.375,32,-0.011308333333333335,0.25,0.25,5.560951282357347,0.09425341156537875,0
voip-3b3edac94d-20130324_201858,4,0.5714285714285714,14,-0.012866666666666669,0.0,0.16666666666666666,3.1820142399563234,0.08373721684095588,0
voip-fe2783c40a-20130401_144421,0,0.0,12,-0.08778333333333332,0.0,0.16666666666666666,3.7929020696679916,0.08070004403548918,0
voip-f22c2bf9c7-20130326_015536,5,0.5555555555555556,18,0.04228571428571428,0.14285714285714285,0.0,2.9226831707343828,0.10438154181194224,0
voip-d76851034e-20130326_221719,11,0.8461538461538461,26,0.21104615384615386,0.6153846153846154,0.07692307692307693,3.7916980399698432,0.0702166303698119,0
voip-318851c80b-20130328_215616,8,0.8,20,0.0695375,0.375,0.0,3.172680050300399,0.09914625157188747,0
voip-7e07d8f0f5-20130327_175512,3,0.5,12,0.0592,0.2,0.0,2.781532353806152,0.09271774512687173,0
voip-8991b7bff6-20130401_174015,4,0.3333333333333333,24,-0.0757875,0.125,0.25,4.49382042232582,0.08321889670973741,0
voip-249d0f617b-20130328_162005,2,0.3333333333333333,12,0.06698333333333333,0.16666666666666666,0.0,3.9899124595008955,0.09499791570240228,0
voip-da4a08ad84-20130328_154747,9,0.75,24,-0.019854545454545455,0.09090909090909093,0.18181818181818185,3.0689933655677977,0.06819985256817328,0
voip-48c12815b3-20130326_011456,7,0.7,20,-0.0484375,0.0,0.125,4.787595421665899,0.08704718948483453,0
voip-a31ca3e355-20130323_222700,12,0.631578947368421,38,0.07418823529411764,0.29411764705882354,0.0,4.855168353284151,0.0746948977428331,0
voip-187c1708f2-20130325_125747,3,0.3333333333333333,18,0.008577777777777778,0.1111111111111111,0.0,4.655632080083536,0.08621540889043586,0
voip-7e07d8f0f5-20130328_191418,13,0.8125,32,0.11509375,0.4375,0.0625,2.5740010569105225,0.053625022018969216,0
voip-36440f7305-20130326_140559,13,0.8666666666666667,30,0.11731538461538465,0.3076923076923077,0.0,3.5390261132275587,0.07529842794101188,0
voip-22c938c8ba-20130325_124542,19,0.9047619047619048,42,-0.005413333333333337,0.26666666666666666,0.26666666666666666,3.1779153233650637,0.06620656923677216,0
voip-340dbb333e-20130325_230054,0,0.0,6,0.0,0.0,0.0,2.139398647715054,0.1125999288271081,0
voip-52d599db9c-20130326_213541,5,0.4545454545454545,22,0.06698333333333333,0.16666666666666666,0.0,4.212860026122435,0.10532150065306087,0
voip-8991b7bff6-20130326_231411,2,0.5,8,0.0,0.0,0.0,1.8300024500697987,0.10764720294528228,0
voip-e3b4879e0d-20130327_030955,0,0.0,12,0.03771666666666667,0.16666666666666666,0.0,3.533910915277327,0.08619294915310553,0
voip-0f41c16f2f-20130402_005414,4,0.5,16,0.0,0.0,0.0,3.6111717283371876,0.08398073786830669,0
voip-e3b4879e0d-20130326_215254,0,0.0,8,0.0933,0.5,0.0,3.7241387446042804,0.10065239850281839,0
voip-fe4b6ef58f-20130325_220934,3,0.3,20,-0.0296,0.0,0.1,4.079341939816826,0.07998709685915344,0
voip-fb0047e535-20130326_051359,2,0.5,8,0.0,0.0,0.0,2.307045965811794,0.10486572571871791,0
voip-9f447ce48e-20130328_114744,5,0.5555555555555556,18,0.0384875,0.25,0.125,2.7085541613338484,0.07966335768628965,0
voip-7e07d8f0f5-20130327_174435,3,0.42857142857142855,14,0.07254285714285715,0.2857142857142857,0.14285714285714285,2.724317679714447,0.08255508120346809,0
voip-ef9aa63b85-20130328_190838,16,0.8421052631578947,38,0.1410611111111111,0.4444444444444444,0.05555555555555555,3.3441207326334417,0.06431001408910465,0
voip-10beae627f-20130328_132217,18,0.6428571428571429,56,-0.016908000000000003,0.2,0.16,4.896744632616278,0.061984109273623765,0
voip-381a50592b-20130326_042242,9,0.75,24,0.02205714285714286,0.2857142857142857,0.0,3.4584179593011752,0.09347075565678852,0
voip-e3b4879e0d-20130327_033913,0,0.0,10,0.01544,0.2,0.0,3.3027421943213158,0.08926330254922475,0
voip-39a25ab2f8-20130326_120841,7,0.6363636363636364,22,0.2113888888888889,0.5555555555555556,0.0,3.6749665927184063,0.06681757441306194,0
voip-59bc8a2167-20130328_125821,5,0.5,20,0.00965,0.125,0.0,2.8997424798955413,0.061696648508415775,0
voip-340dbb333e-20130327_005751,10,0.7692307692307693,26,0.025084615384615386,0.15384615384615385,0.07692307692307693,3.7982105787822307,0.07447471723102413,0
voip-922209b777-20130325_163118,6,0.6666666666666666,18,0.06698333333333333,0.16666666666666666,0.0,3.263589575334274,0.08368178398293011,0
voip-2d3d74d091-20130325_230144,5,0.625,16,-0.0387875,0.125,0.125,3.4850616773230385,0.09171214940323785,0
voip-b57f8ee22b-20130326_235613,2,0.2857142857142857,14,0.02205714285714286,0.2857142857142857,0.0,4.465153543742723,0.08930307087485445,0
voip-2d3d74d091-20130325_221539,3,0.375,16,-0.04432857142857143,0.14285714285714285,0.14285714285714285,3.0662307106768822,0.07862130027376621,0
voip-d7853a398f-20130401_152954,0,0.0,8,0.0193,0.25,0.0,3.3932978119364563,0.10282720642231685,0
voip-e3b4879e0d-20130326_023841,6,0.6666666666666666,18,0.04013333333333333,0.1111111111111111,0.0,3.72582722060987,0.08279616045799712,0
voip-a8649977cf-20130323_161633,3,0.3333333333333333,18,0.01102857142857143,0.14285714285714285,0.0,3.8094769584849972,0.09070183234488088,0
voip-15d8a89cec-20130327_021758,2,0.25,16,0.15794999999999998,0.375,0.125,4.72199194657168,0.10046791375684425,0
voip-6d6587c57d-20130328_235137,6,0.6666666666666666,18,0.008150000000000004,0.125,0.125,4.418667828279681,0.10042426882453821,0
voip-7e07d8f0f5-20130328_191131,15,0.75,40,0.05137333333333333,0.26666666666666666,0.06666666666666668,3.0731167113645665,0.05798333417668994,0
voip-b20968d1ea-20130323_111126,16,0.7619047619047619,42,0.022168421052631573,0.15789473684210525,0.0,5.459368058003739,0.08028482438240793,0
voip-0f41c16f2f-20130325_193723,4,0.5714285714285714,14,0.04638571428571429,0.14285714285714285,0.14285714285714285,4.117044798178659,0.1083432841625963,0
voip-13ff413553-20130328_172247,20,0.7692307692307693,52,0.11456666666666665,0.3809523809523809,0.047619047619047616,3.4906855937955665,0.05288917566356919,0
voip-fe2783c40a-20130401_150347,4,0.4444444444444444,18,0.037000000000000005,0.125,0.0,4.004478525804015,0.10267893655907731,0
voip-8efef4eae9-20130325_232205,2,0.3333333333333333,12,0.04933333333333333,0.16666666666666666,0.0,4.015127120279433,0.10566124000735351,0
voip-59bc8a2167-20130328_115953,4,0.5714285714285714,14,0.13384,0.6,0.0,2.9291570386030914,0.08136547329453031,0
voip-fce37b0ccb-20130328_143934,0,0.0,16,0.1713285714285714,0.5714285714285714,0.0,4.194015115821613,0.08737531491295027,0
voip-0f41c16f2f-20130325_204340,0,0.0,10,0.0,0.0,0.0,3.3437384255219738,0.0955353835863421,0
voip-0241bbae39-20130327_195830,7,0.5833333333333334,24,0.0,0.0,0.0,3.287548880216588,0.07305664178259084,0
voip-8991b7bff6-20130401_180108,3,0.3,20,-0.03103,0.1,0.1,3.693523756288145,0.0820783056952921,0
voip-2d3d74d091-20130328_192945,5,0.38461538461538464,26,0.06243846153846154,0.3076923076923077,0.07692307692307693,5.779701724187674,0.10139827586294164,0
voip-78f497f314-20130324_140601,2,0.25,16,0.00965,0.125,0.0,4.584110410431796,0.07514935099068518,0
voip-7e22911804-20130325_210616,0,0.0,16,0.02295,0.25,0.125,4.029896419938397,0.07603578150827164,0
voip-b27a230d2e-20130323_043834,7,0.5833333333333334,24,0.040945454545454535,0.2727272727272727,0.0,3.5017698839681612,0.068662154587611,0
voip-597cfafdee-20130402_010156,7,0.875,16,0.1073625,0.375,0.125,3.7657421680592473,0.08368315929020549,0
voip-0fa32b1e78-20130328_152422,12,0.6666666666666666,36,0.014084615384615385,0.15384615384615385,0.07692307692307693,3.3047090034796156,0.059012660776421706,0
voip-da10d74c3e-20130326_001047,2,0.25,16,0.04515,0.125,0.0,4.134764617776199,0.08614092953700414,0
voip-fe2783c40a-20130401_143116,2,0.25,16,-0.0177,0.25,0.125,3.6700261048677847,0.07196129617387813,0
voip-52eb280e7b-20130326_214113,9,0.5294117647058824,34,0.02827333333333333,0.2,0.13333333333333333,5.365254689535015,0.09250439119887957,0
voip-ccf48b9a6a-20130329_042416,7,0.7777777777777778,18,-0.06458333333333334,0.0,0.16666666666666666,3.114924409218958,0.0916154238005576,0
voip-fe2783c40a-20130401_144320,4,0.8,10,0.07400000000000001,0.25,0.0,2.9093994014208353,0.22379995395544888,0
voip-78f497f314-20130324_201025,4,0.6666666666666666,12,0.13586666666666666,0.3333333333333333,0.16666666666666666,4.364801468812118,0.1015070109026074,0
voip-597cfafdee-20130402_004903,9,0.9,20,-0.01901,0.1,0.2,3.1871750369969494,0.07412034969760348,0
voip-2c217000af-20130328_223847,5,0.625,16,0.14506249999999998,0.375,0.0,5.0250224721823225,0.11166716604849605,0
voip-96f43326a4-20130324_101528,3,0.21428571428571427,28,0.06042307692307693,0.38461538461538464,0.15384615384615385,5.290474667233393,0.073478814822686,0
voip-6d6587c57d-20130329_000439,0,0.0,10,0.0,0.0,0.0,3.8127426665396396,0.10033533332999052,0
voip-96f43326a4-20130324_100620,11,0.6875,32,0.05143333333333334,0.26666666666666666,0.06666666666666668,3.684123660629201,0.06351937345912416,0
voip-39a25ab2f8-20130328_150729,3,0.5,12,0.10352,0.4,0.0,3.0812919857714673,0.07900748681465301,0
voip-e3b4879e0d-20130326_024044,0,0.0,18,-0.0387875,0.125,0.125,3.528435903001806,0.07670512832612622,0
voip-31de0daa7b-20130402_132633,11,0.7857142857142857,28,0.12034285714285713,0.42857142857142855,0.07142857142857142,2.839587345070496,0.06453607602432945,0
voip-ec3c3aaf98-20130323_142016,4,0.3636363636363637,22,0.05974545454545455,0.18181818181818185,0.0,5.763785154446193,0.08867361776071066,0
voip-2d3d74d091-20130328_182952,8,0.7272727272727273,22,0.06659,0.2,0.1,3.8853349437415283,0.10500905253355482,0
voip-4660dd9eab-20130329_075906,3,0.3333333333333333,18,0.2085142857142857,0.5714285714285714,0.14285714285714285,3.4219459497399543,0.07777149885772623,0
voip-fe2783c40a-20130401_143504,4,0.5714285714285714,14,0.0,0.14285714285714285,0.14285714285714285,2.21047820056066,0.0884191280224264,0
voip-da10d74c3e-20130326_001657,3,0.5,12,0.11323333333333335,0.3333333333333333,0.0,4.0902393923118785,0.09738665219790187,0
voip-10beae627f-20130328_122107,9,0.75,24,-0.020440000000000003,0.2,0.2,1.967566010419256,0.057869588541742824,0
voip-9f989824fd-20130324_072907,7,0.875,16,-0.03047142857142857,0.14285714285714285,0.2857142857142857,2.902199434143959,0.08535880688658704,0
voip-14cb91bc48-20130327_182446,8,0.6153846153846154,26,0.03322,0.2,0.1,3.3066869503037863,0.07348193222897303,0
voip-10beae627f-20130401_164712,15,0.8333333333333334,36,0.12598571428571428,0.42857142857142855,0.0,3.5423734134811236,0.07084746826962247,0
voip-14cb91bc48-20130327_190136,8,0.6153846153846154,26,-0.04257,0.0,0.3,5.137623024699447,0.10275246049398895,0
voip-6d6587c57d-20130328_140525,2,0.25,16,0.1519625,0.5,0.0,3.8842961404678467,0.08631769201039659,0
voip-7e22911804-20130325_202635,3,0.5,12,-0.004383333333333332,0.16666666666666666,0.16666666666666666,3.5345249578738063,0.07854499906386236,0
voip-9819537952-20130328_232122,2,0.25,16,0.00965,0.125,0.0,3.1072424705980954,0.06904983267995768,0
voip-52eb280e7b-20130326_212546,6,0.5,24,0.008825,0.08333333333333333,0.08333333333333333,3.1328536443112402,0.09214275424444825,0
voip-78f497f314-20130323_144347,6,0.5,24,-0.02102,0.1,0.2,5.379906505203157,0.08406103914379932,0
voip-340dbb333e-20130327_010913,4,0.25,32,0.11855625,0.375,0.0625,4.604068808472541,0.10707136763889631,0
voip-d66e12b45c-20130327_173320,4,0.8,10,-0.0592,0.0,0.2,2.865106379003583,0.20465045564311307,0
voip-88b68a9a41-20130322_221731,15,0.8333333333333334,36,0.14224705882352942,0.5294117647058824,0.1176470588235294,3.9758067409893068,0.06854839208602254,0
voip-e3b4879e0d-20130327_031211,2,0.13333333333333333,30,0.04144666666666666,0.2,0.0,5.462619261828326,0.08033263620335773,0
voip-64150aca03-20130401_194320,10,0.6666666666666666,30,0.03543076923076924,0.2307692307692308,0.07692307692307693,2.967958939131482,0.0645208465028583,0
voip-7e07d8f0f5-20130328_190156,11,0.8461538461538461,26,0.2325375,0.625,0.0,4.041272948281017,0.09622078448288135,0
voip-78f497f314-20130323_183806,0,0.0,6,0.0,0.0,0.0,2.6372089971446027,0.12558138081640965,0
voip-59bc8a2167-20130328_113646,6,0.4615384615384616,26,0.055766666666666666,0.25,0.0,4.3979046908124975,0.08297933378891505,0
voip-bde2721237-20130325_154428,5,0.7142857142857143,14,0.0602,0.16666666666666666,0.0,4.039317162372375,0.10098292905930936,0
voip-8991b7bff6-20130326_231255,3,0.375,16,0.08308750000000001,0.375,0.0,3.36408187577408,0.07645640626759273,0
voip-78f497f314-20130324_203349,4,0.6666666666666666,12,0.04933333333333333,0.16666666666666666,0.0,3.6989844891234047,0.09021913388105865,0
voip-561b472540-20130328_124350,0,0.0,8,0.0,0.0,0.0,3.783327093486627,0.10225208360774668,0
voip-7f9c1c8411-20130328_141000,18,0.8571428571428571,42,0.009627272727272727,0.09090909090909093,0.09090909090909093,3.328195606139863,0.06933740846124715,0
voip-5749b16764-20130328_150400,4,0.6666666666666666,12,0.06698333333333333,0.16666666666666666,0.0,3.4025073389070775,0.10007374526197287,0
voip-48c12815b3-20130326_034916,16,0.64,50,0.014786956521739131,0.21739130434782608,0.13043478260869565,4.782831426304384,0.059785392828804795,0
voip-187c1708f2-20130325_130444,10,0.7142857142857143,28,0.005433333333333336,0.08333333333333333,0.08333333333333333,2.5621000260501394,0.0674236848960563,0
voip-317a1436fe-20130325_170800,4,0.5714285714285714,14,0.01102857142857143,0.14285714285714285,0.0,3.4715568049063528,0.09382585959206359,0
voip-8991b7bff6-20130401_173851,5,0.5555555555555556,18,-0.06507142857142857,0.14285714285714285,0.2857142857142857,5.2057290572326345,0.10623936851495172,0
voip-202b6a3cc4-20130327_184449,4,0.5714285714285714,14,0.12295714285714285,0.2857142857142857,0.0,3.18719170925828,0.08853310303495222,0
voip-8efef4eae9-20130325_234031,0,0.0,6,-0.12916666666666668,0.0,0.3333333333333333,3.3685584504772907,0.18714213613762726,0
voip-6dbc3573bc-20130328_192107,0,0.0,10,0.01544,0.2,0.0,4.047059460897029,0.09870876733895192,0
voip-52d599db9c-20130323_075058,4,0.3076923076923077,26,-0.046638461538461545,0.07692307692307693,0.15384615384615385,5.789386457400297,0.07930666380000406,0
voip-59bc8a2167-20130325_133335,6,0.6,20,0.030355555555555563,0.1111111111111111,0.0,4.289805129456391,0.10213821736800931,0
voip-4a6ecc1f1c-20130329_152840,8,0.5333333333333333,30,0.08302142857142858,0.2857142857142857,0.07142857142857142,5.367041693301668,0.0801050999000249,0
voip-8991b7bff6-20130401_165927,2,0.2857142857142857,14,0.10014285714285713,0.2857142857142857,0.14285714285714285,3.85199473582348,0.09629986839558699,0
voip-3be3bda933-20130326_124519,13,0.5909090909090909,44,0.031081818181818183,0.2272727272727273,0.13636363636363635,4.370171099006529,0.05602783460264781,0
voip-935947e17b-20130328_165646,8,0.42105263157894735,38,0.17088124999999998,0.5625,0.0,5.084334673696915,0.0726333524813845,0
voip-e0035cc31b-20130323_210352,3,0.42857142857142855,14,0.07984999999999999,0.3333333333333333,0.0,3.9036830789635903,0.10550494808009704,0
voip-edb8609855-20130327_182512,0,0.0,14,-0.07002857142857143,0.0,0.2857142857142857,4.5537261472575326,0.08131653834388451,0
voip-7f9c1c8411-20130328_141931,16,0.8421052631578947,38,0.020586666666666663,0.26666666666666666,0.0,5.026962485741367,0.07979305532922805,0
voip-187c1708f2-20130325_134928,7,0.4666666666666667,30,-0.0017363636363636366,0.0,0.09090909090909093,3.920190198380259,0.08167062913292207,0
voip-78f497f314-20130324_201923,3,0.5,12,0.16935,0.5,0.0,3.3071594297535043,0.08703051130930274,0
voip-d225fad9df-20130328_205151,0,0.0,10,0.01544,0.2,0.0,3.9116597418662726,0.08890135776968801,0
voip-31de0daa7b-20130401_220217,17,0.8947368421052632,38,0.2258,0.5,0.0,3.659371723322399,0.06653403133313453,0
voip-a8649977cf-20130323_161448,11,0.7857142857142857,28,-0.0352,0.125,0.25,2.6205649590907405,0.07082607997542542,0
voip-0f41c16f2f-20130402_005804,0,0.0,6,0.0,0.0,0.0,2.5080340743039766,0.13933522635022091,0
voip-340dbb333e-20130325_231020,0,0.0,10,0.323875,0.75,0.0,4.598608152007534,0.10219129226683409,0
voip-e3b4879e0d-20130326_215705,9,0.5,36,-0.07119411764705882,0.05882352941176471,0.29411764705882354,5.182995415331939,0.08359670024728934,0
voip-10beae627f-20130328_125615,13,0.5416666666666666,48,0.18746666666666667,0.4166666666666667,0.04166666666666666,5.8077929126306955,0.07351636598266703,0
voip-8991b7bff6-20130326_230855,5,0.4166666666666667,24,0.06295454545454546,0.18181818181818185,0.09090909090909093,3.77889191517269,0.07712024316678959,0
voip-199d62165b-20130402_124137,8,0.5714285714285714,28,0.05968571428571427,0.21428571428571427,0.07142857142857142,5.332371575512841,0.08079350871989154,0
voip-c8821c664b-20130322_222908,2,0.2222222222222222,18,0.025144444444444445,0.1111111111111111,0.0,4.290158779876576,0.08250305345916492,0
voip-39a25ab2f8-20130329_010257,6,0.5,24,0.04187272727272727,0.2727272727272727,0.09090909090909093,4.769894106760318,0.0935273354266729,0
voip-10beae627f-20130328_164850,3,0.6,10,0.3447,0.6,0.0,2.979549699727519,0.13543407726034176,0
voip-4c0d36762a-20130328_201131,22,0.9166666666666666,48,0.0878611111111111,0.4444444444444444,0.2222222222222222,2.8012272634331072,0.08003506466951735,0
voip-10beae627f-20130329_125733,6,0.2727272727272727,44,0.10779999999999998,0.42105263157894735,0.0,4.682910949863154,0.05781371543040931,0
voip-e72dba1759-20130325_210429,3,0.3333333333333333,18,0.026422222222222225,0.4444444444444444,0.1111111111111111,4.000799471886603,0.07408887910901117,0
voip-fe2783c40a-20130401_150659,5,0.4166666666666667,24,0.11935833333333333,0.4166666666666667,0.0,5.271659894387429,0.08786099823979047,0
voip-908884f5fd-20130326_235015,0,0.0,10,0.08807999999999999,0.2,0.0,4.200165773523281,0.09333701718940625,0
voip-52d599db9c-20130323_074800,2,0.2222222222222222,18,0.060666666666666674,0.2222222222222222,0.0,4.30096355718977,0.08433261876842686,0
voip-908884f5fd-20130327_000655,2,0.5,8,0.0193,0.25,0.0,2.8757371567115486,0.09916335023143272,0
voip-d225fad9df-20130328_204846,2,0.18181818181818185,22,0.03246,0.1,0.1,5.028013782093315,0.07856271534520805,0
voip-317a1436fe-20130325_142027,8,0.3809523809523809,42,0.02153333333333333,0.16666666666666666,0.05555555555555555,6.300935598847492,0.07684067803472552,0
voip-b57f8ee22b-20130325_190707,6,0.8571428571428571,14,0.14925,0.6666666666666666,0.0,2.6714682160128174,0.09540957914331491,0
voip-f113dbb0e1-20130322_234230,9,0.75,24,0.21928333333333336,0.5833333333333334,0.0,4.395879224632868,0.09556259183984495,0
voip-22c938c8ba-20130325_130445,8,0.5714285714285714,28,-0.010408333333333335,0.25,0.25,3.363102860057085,0.056051714334284755,1
voip-9f989824fd-20130325_204229,0,0.0,16,0.07984999999999999,0.3333333333333333,0.0,3.997889624866651,0.09518784821111075,1
voip-bde2721237-20130326_200505,0,0.0,10,0.01544,0.2,0.0,4.412579252162725,0.10028589209460739,1
voip-a7ddefaeb3-20130328_173142,18,0.72,50,0.12184736842105262,0.3684210526315789,0.05263157894736842,5.561024891996691,0.07514898502698232,1
voip-db80a9e6df-20130328_230211,0,0.0,12,0.05058333333333333,0.3333333333333333,0.0,4.25987362864101,0.08874736726335437,1
voip-afd3aa91f0-20130325_230434,0,0.0,16,0.0502375,0.125,0.0,5.678670947412702,0.09159146689375326,1
voip-8586129f35-20130328_160121,4,0.2857142857142857,28,0.02734285714285714,0.21428571428571427,0.21428571428571427,4.749912272127776,0.06333216362837034,1
voip-b08f15a787-20130402_065804,0,0.0,14,0.0083,0.14285714285714285,0.14285714285714285,4.763032066949056,0.08986852956507653,1
voip-b6618de447-20130326_211132,0,0.0,12,0.02573333333333333,0.3333333333333333,0.0,3.132422296643028,0.07119141583279609,1
voip-fbd422ad18-20130328_181748,2,0.25,16,0.0598875,0.25,0.0,3.3523407717652454,0.06573217199539697,1
voip-f091d0e461-20130327_210252,0,0.0,14,0.0969857142857143,0.42857142857142855,0.0,4.825973946645131,0.09462694013029668,1
voip-7e22911804-20130324_184015,9,0.6923076923076923,26,0.007018181818181818,0.09090909090909093,0.0,3.6288590508280705,0.0756012302255848,1
voip-4f069a4136-20130402_034737,0,0.0,16,0.06571428571428571,0.2857142857142857,0.14285714285714285,5.1708533153185705,0.087641581615569,1
voip-fe4b6ef58f-20130325_224823,2,0.3333333333333333,12,0.011620000000000002,0.2,0.2,4.159661549900189,0.09453776249773158,1
voip-da10d74c3e-20130326_002258,2,0.2857142857142857,14,0.17094285714285712,0.42857142857142855,0.0,4.987712808341528,0.10391068350711517,1
voip-e8997b10da-20130327_200112,0,0.0,14,0.044585714285714284,0.2857142857142857,0.14285714285714285,4.19119542585235,0.083823908517047,1
voip-4f069a4136-20130402_030550,6,0.4,30,0.024880000000000003,0.2,0.06666666666666668,4.369083555952258,0.06521020232764564,1
voip-72e50baa85-20130327_061457,13,0.8125,32,-0.01981333333333334,0.13333333333333333,0.2,3.1987116442536836,0.061513685466416994,1
voip-d7853a398f-20130401_152711,0,0.0,10,0.0,0.0,0.0,3.590386940013752,0.08757041317106712,1
voip-72e50baa85-20130326_051315,4,0.4444444444444444,18,-0.08615555555555557,0.2222222222222222,0.2222222222222222,4.154329449722305,0.07838357452306237,1
voip-e54437a6f0-20130326_195047,8,0.4444444444444444,36,-0.01857777777777778,0.16666666666666666,0.16666666666666666,4.77618406076743,0.05685933405675512,1
voip-0f41c16f2f-20130401_235017,2,0.25,16,0.0598875,0.25,0.0,3.879764993749946,0.07461086526442204,1
voip-ef9aa63b85-20130329_125741,2,0.2857142857142857,14,-0.01371428571428571,0.2857142857142857,0.2857142857142857,4.876397216458409,0.08866176757197108,1
voip-187c1708f2-20130325_134301,0,0.0,8,0.0193,0.25,0.0,3.3045764257581616,0.11395091123304005,1
voip-0a45bc863d-20130325_202319,2,0.3333333333333333,12,0.012866666666666669,0.16666666666666666,0.0,4.238753885374597,0.09214682359509993,1
voip-b08f15a787-20130326_022327,2,0.3333333333333333,12,0.006500000000000002,0.16666666666666666,0.3333333333333333,3.900390155628889,0.09750975389072222,1
voip-dda7c88c6e-20130323_055048,8,0.7272727272727273,22,0.00965,0.125,0.0,3.5976117212686414,0.09467399266496425,1
voip-263ab0e49f-20130326_104358,0,0.0,14,0.10287142857142856,0.2857142857142857,0.0,5.696750414335564,0.09494584023892606,1
voip-4660dd9eab-20130329_080055,2,0.3333333333333333,12,-0.03646666666666667,0.16666666666666666,0.16666666666666666,3.098937666028234,0.10329792220094114,1
voip-7e07d8f0f5-20130328_192048,2,0.2222222222222222,18,0.0332,0.3333333333333333,0.1111111111111111,4.210952072614834,0.08421904145229668,1
voip-52d599db9c-20130402_001953,0,0.0,10,-0.06206,0.2,0.2,4.222008644927968,0.09818624755646436,1
voip-6dbc3573bc-20130328_191808,2,0.3333333333333333,12,0.0,0.0,0.0,3.751433966903311,0.08724265039310027,1
voip-e2a895cfe5-20130326_232742,0,0.0,6,0.02573333333333333,0.3333333333333333,0.0,3.7327787432842756,0.10978761009659634,1
voip-e3b4879e0d-20130326_022732,0,0.0,12,0.03323333333333334,0.3333333333333333,0.16666666666666666,3.7529397354302585,0.08529408489614224,1
voip-202b6a3cc4-20130327_184721,2,0.3333333333333333,12,0.012866666666666669,0.16666666666666666,0.0,3.200218253708263,0.09143480724880751,1
voip-249d0f617b-20130326_010500,0,0.0,10,0.0,0.0,0.0,3.5770642102116694,0.09936289472810193,1
voip-03c2655d43-20130327_194221,0,0.0,6,0.02573333333333333,0.3333333333333333,0.0,2.8511262815099427,0.12396201223956273,1
voip-5cf59cc660-20130328_161054,3,0.5,12,0.1503,0.3333333333333333,0.16666666666666666,3.5657202991803945,0.09637081889676742,1
voip-8d5173f3a6-20130324_185203,4,0.6666666666666666,12,0.07464,0.4,0.0,2.877481766957312,0.09922350920542454,1
voip-fe4b6ef58f-20130325_233144,0,0.0,10,0.01544,0.2,0.0,3.7894629462083635,0.0861241578683719,1
voip-50af5438f1-20130327_041542,2,0.2222222222222222,18,0.008577777777777778,0.1111111111111111,0.0,4.19490573398084,0.07490903096394357,1
voip-4f069a4136-20130327_205819,2,0.3333333333333333,12,0.011620000000000002,0.2,0.2,4.330266287362759,0.08170313749741055,1
voip-597cfafdee-20130402_010910,4,0.4,20,0.07837000000000001,0.2,0.0,4.936359326256585,0.08660279519748394,1
voip-50af5438f1-20130402_085256,2,0.2,20,0.03732,0.2,0.0,5.222457262694089,0.09162205724024718,1
voip-e0035cc31b-20130326_210405,2,0.25,16,0.021099999999999997,0.375,0.125,4.147279488174799,0.06912132480291332,1
voip-00d76b791d-20130327_012331,0,0.0,10,0.01544,0.2,0.0,3.59222242288376,0.08761518104594537,1
voip-22c938c8ba-20130325_123407,10,0.5263157894736842,38,0.10885882352941176,0.35294117647058826,0.0,4.3239671431546105,0.06551465368416076,1
voip-f17e3b578c-20130328_174111,0,0.0,14,0.01102857142857143,0.14285714285714285,0.0,4.231037360380699,0.08296151687020979,1
voip-b57f8ee22b-20130325_185315,4,0.3636363636363637,22,0.0059272727272727315,0.09090909090909093,0.09090909090909093,4.579367390261736,0.08480309981966178,1
voip-50af5438f1-20130402_084400,0,0.0,16,0.001799999999999996,0.125,0.125,4.640616399681739,0.08593734073484702,1
voip-22756d9e8f-20130329_050114,2,0.2222222222222222,18,0.017155555555555556,0.2222222222222222,0.0,4.7737168569532304,0.07956194761588717,1
voip-d225fad9df-20130328_183352,0,0.0,10,0.011620000000000002,0.2,0.2,4.5045453504418775,0.09009090700883755,1
voip-187c1708f2-20130325_134104,2,0.3333333333333333,12,0.01544,0.2,0.0,2.8614528917682627,0.0923049319925246,1
voip-4c0d36762a-20130328_203937,0,0.0,12,0.012866666666666669,0.16666666666666666,0.0,4.364278236822271,0.09092246326713065,1
voip-9735278861-20130401_155528,0,0.0,12,0.10065,0.3333333333333333,0.0,3.722292993696329,0.08271762208214065,1
voip-fdf8b50918-20130329_042348,2,0.4,10,-0.005259999999999997,0.2,0.2,3.311535813332126,0.08714567929821385,1
voip-90732b027d-20130327_183400,2,0.25,16,0.0968875,0.375,0.0,3.483255159407861,0.07108683998791553,1
voip-88b68a9a41-20130322_221603,0,0.0,8,0.18575,0.5,0.0,4.032188043477481,0.0960044772256543,1
voip-e9b53d6ace-20130324_223300,2,0.4,10,0.0386,0.5,0.0,3.1359607422333533,0.09799877319479229,1
voip-aaa44b4121-20130326_055421,0,0.0,10,0.08768000000000001,0.4,0.0,3.1962340301814502,0.08638470351841758,1
voip-52d599db9c-20130402_002522,2,0.2222222222222222,18,0.13578888888888888,0.4444444444444444,0.0,5.22022187142378,0.09321824770399607,1
voip-3b3edac94d-20130324_202415,7,0.5384615384615384,26,0.06276923076923077,0.2307692307692308,0.07692307692307693,4.614591124639273,0.06887449439760109,1
voip-5cf59cc660-20130328_171914,0,0.0,8,-0.096875,0.0,0.25,3.636933406685943,0.09829549747799846,1
voip-9f989824fd-20130324_075833,0,0.0,14,0.015266666666666663,0.3333333333333333,0.16666666666666666,4.238883543456142,0.08311536359717925,1
voip-72e50baa85-20130326_053934,0,0.0,12,-0.05171666666666667,0.16666666666666666,0.16666666666666666,4.563943566306957,0.08611214276050862,1
voip-2d2d103292-20130326_044020,0,0.0,16,-0.0484375,0.0,0.125,4.476855367221034,0.08609337244655833,1
voip-b08f15a787-20130326_021953,0,0.0,14,0.06571428571428571,0.2857142857142857,0.14285714285714285,4.217558756302454,0.07957658030759347,1
voip-6dbc3573bc-20130328_193216,0,0.0,6,0.02573333333333333,0.3333333333333333,0.0,2.9303515142358076,0.10465541122270741,1
voip-43479eb5c2-20130324_003643,0,0.0,10,0.03088,0.4,0.0,3.465306653462883,0.09625851815174674,1
voip-b27a230d2e-20130329_034847,0,0.0,8,0.0193,0.25,0.0,3.374120953756698,0.10224608950777873,1
voip-db80a9e6df-20130328_230014,0,0.0,14,-0.04432857142857143,0.14285714285714285,0.14285714285714285,5.177134458225599,0.0750309341771826,1
voip-52eb280e7b-20130326_213227,0,0.0,12,0.0622,0.3333333333333333,0.0,3.730063139016371,0.09325157847540928,1
voip-52d599db9c-20130325_135450,2,0.3333333333333333,12,0.02255,0.3333333333333333,0.16666666666666666,4.0467272056260075,0.09410993501455832,1
voip-b20b6e847a-20130326_222313,0,0.0,8,-0.096875,0.0,0.25,4.1335632464932734,0.09612937782542497,1
voip-f091d0e461-20130327_210653,0,0.0,14,0.13799999999999998,0.42857142857142855,0.0,4.091748149291594,0.0743954208962108,1
voip-5cf59cc660-20130328_160946,0,0.0,8,0.0193,0.25,0.0,2.864050487422063,0.09546834958073543,1
voip-fe2783c40a-20130401_144037,2,0.3333333333333333,12,0.0,0.0,0.0,3.6484393025909094,0.09121098256477274,1
voip-88b68a9a41-20130324_003412,0,0.0,10,0.08653999999999999,0.6,0.2,4.3552212180477285,0.09266428123505806,1
voip-48c12815b3-20130402_051808,0,0.0,14,0.02205714285714286,0.2857142857142857,0.0,4.024799503796887,0.08213876538360994,1
voip-187c1708f2-20130325_135219,0,0.0,14,0.07666666666666666,0.3333333333333333,0.16666666666666666,3.469611715513749,0.09130557146088814,1
voip-fdf8b50918-20130329_013925,2,0.25,16,-0.06458333333333334,0.0,0.16666666666666666,3.7583198903527175,0.07996425298622803,1
voip-36440f7305-20130326_201757,0,0.0,16,0.01102857142857143,0.14285714285714285,0.0,3.5214568567479296,0.06772032416822941,1
voip-ddcaad92a1-20130326_010701,0,0.0,14,0.05331428571428571,0.2857142857142857,0.0,4.415244428487266,0.08027717142704119,1
voip-e30cb521fb-20130328_122635,2,0.25,16,0.26905,0.625,0.125,4.622929914166785,0.07578573629781615,1
voip-e54437a6f0-20130325_133648,9,0.6428571428571429,28,0.15184999999999998,0.5,0.08333333333333333,3.1580283202599,0.06073131385115193,1
voip-22a181cad5-20130326_022324,2,0.2222222222222222,18,-0.0015888888888888927,0.2222222222222222,0.1111111111111111,4.762704390304686,0.07937840650507809,1
voip-14f776f781-20130328_151904,3,0.42857142857142855,14,0.14345,0.3333333333333333,0.0,2.9334772439697163,0.06241440944616418,1
voip-52d599db9c-20130326_214615,6,0.5454545454545454,22,0.06181111111111112,0.3333333333333333,0.0,3.8873008328037963,0.08638446295119548,1
voip-ab4f1dbb59-20130325_214838,0,0.0,8,-0.077575,0.25,0.25,3.551020518029741,0.10145772908656403,1
voip-eaef6f434c-20130323_025316,2,0.4,10,0.09582,0.4,0.0,3.853758691701795,0.10415564031626473,1
voip-f32f2cfdae-20130327_013132,2,0.25,16,0.039325,0.25,0.125,3.817164937611862,0.07068823958540485,1
voip-a31ca3e355-20130323_222931,11,0.6111111111111112,36,0.01960714285714285,0.21428571428571427,0.14285714285714285,4.291766917265434,0.062199520540078754,1
voip-155e939ebc-20130327_203128,0,0.0,12,0.012866666666666669,0.16666666666666666,0.0,3.8419603161767917,0.08537689591503982,1
voip-30772678da-20130328_192819,2,0.2222222222222222,18,0.0008777777777777753,0.2222222222222222,0.1111111111111111,4.662754906875567,0.08634731309028829,1
voip-7e22911804-20130324_184843,2,0.4,10,0.09008,0.6,0.0,3.188228436017691,0.09109224102907688,1
voip-e2a895cfe5-20130325_233234,0,0.0,14,0.01102857142857143,0.14285714285714285,0.0,3.621302944501444,0.06964044124041238,1
voip-bb1fd497eb-20130325_132300,3,0.375,16,0.0979625,0.25,0.0,4.205460998506177,0.07509751783046745,1
voip-2c217000af-20130325_221701,0,0.0,12,0.06344999999999999,0.5,0.0,3.675616053227108,0.08353672848243426,1
voip-8991b7bff6-20130401_174504,0,0.0,14,0.0020571428571428524,0.14285714285714285,0.14285714285714285,4.8676130743582995,0.09184175611996792,1
voip-aaa44b4121-20130327_171617,0,0.0,10,-0.08132,0.0,0.4,4.337074441528025,0.09428422698973968,1
voip-e72dba1759-20130325_210917,4,0.3333333333333333,24,0.09300000000000001,0.25,0.125,5.237200393083934,0.08057231373975283,1
voip-a31ca3e355-20130323_234926,8,0.7272727272727273,22,0.12724000000000002,0.4,0.0,4.446044877648394,0.08550086303169988,1
voip-561b472540-20130328_123209,0,0.0,14,0.13434285714285715,0.42857142857142855,0.0,3.958464750288699,0.0776169558880137,1
voip-22756d9e8f-20130329_045435,4,0.5714285714285714,14,0.012866666666666669,0.16666666666666666,0.0,4.158464840323341,0.07700860815413595,1
voip-597cfafdee-20130402_005206,2,0.2857142857142857,14,0.06262857142857144,0.2857142857142857,0.0,4.773225095714186,0.07824959173301944,1
voip-ad40cf5489-20130325_175141,0,0.0,14,0.03308571428571429,0.42857142857142855,0.0,3.9006851907775437,0.0812642748078655,1
voip-4c25da9a27-20130327_141034,0,0.0,16,0.00965,0.125,0.0,4.890734132187327,0.08733453807477369,1
voip-afd3aa91f0-20130325_225729,6,0.5454545454545454,22,0.10013999999999998,0.4,0.0,4.724851910782297,0.08749725760707958,1
voip-597cfafdee-20130328_234346,2,0.2,20,0.053233333333333334,0.2222222222222222,0.0,4.838629408949928,0.08797508016272597,1
voip-869dd52548-20130401_175624,0,0.0,14,0.01102857142857143,0.14285714285714285,0.0,4.36669965274345,0.0909729094321552,1
voip-dd9f7810fd-20130322_224705,0,0.0,10,-0.06206,0.2,0.2,4.260592357100957,0.10391688675855992,1
voip-e9b53d6ace-20130324_222642,0,0.0,8,0.0193,0.25,0.0,4.158878452164235,0.09902091552771987,1
voip-dcaeb62b29-20130327_081541,0,0.0,10,-0.0775,0.0,0.2,3.1791013140749627,0.08830836983541562,1
voip-d7aef99178-20130328_184726,2,0.4,10,0.03088,0.4,0.0,3.148730084580886,0.121105003253111,1
voip-318851c80b-20130328_220341,4,0.4,20,0.06987000000000003,0.5,0.1,4.320097968039631,0.07714460657213627,1
voip-d225fad9df-20130328_205512,6,0.6666666666666666,18,0.008577777777777778,0.1111111111111111,0.0,3.7272535995531224,0.08471030908075278,1
voip-e8997b10da-20130329_011626,0,0.0,14,0.22517142857142855,0.7142857142857143,0.14285714285714285,4.026357739137693,0.08566718593909986,1
voip-e54437a6f0-20130325_131749,0,0.0,8,0.1836,0.75,0.0,3.318649857895394,0.09481856736843983,1
voip-4c25da9a27-20130325_181701,0,0.0,14,0.12492857142857143,0.5714285714285714,0.0,4.162611823213287,0.0730282776002331,1
voip-03d6592b76-20130326_012136,2,0.4,10,0.15132,0.6,0.0,3.419689144243702,0.08999181958536058,1
voip-e54437a6f0-20130325_141052,2,0.25,16,0.0193,0.25,0.0,4.381418291739907,0.0796621507589074,1
voip-52eb280e7b-20130325_131334,0,0.0,6,0.0,0.0,0.0,3.0467914784161945,0.11284412883022943,1
voip-7e22911804-20130324_193050,0,0.0,18,0.08544444444444445,0.3333333333333333,0.1111111111111111,4.173415238190381,0.07588027705800691,1
voip-7e22911804-20130327_202516,4,0.2857142857142857,28,0.02283076923076923,0.3076923076923077,0.07692307692307693,3.011911634908899,0.053784136337658904,1
voip-aaa44b4121-20130326_051152,6,0.42857142857142855,28,0.06002142857142857,0.21428571428571427,0.0,4.971044433785197,0.0741946930415701,1
voip-e0035cc31b-20130326_205255,0,0.0,6,0.05146666666666667,0.6666666666666666,0.0,2.9546878937459122,0.11364184206715047,1
voip-fe4b6ef58f-20130325_233912,4,0.4,20,0.09062,0.4,0.0,4.944222157544614,0.08105282225482974,1
voip-d7853a398f-20130401_161556,0,0.0,12,-0.06458333333333334,0.0,0.16666666666666666,3.3762827595301212,0.07673369908023003,1
voip-bb1fd497eb-20130326_232439,2,0.2,20,-0.01442,0.1,0.2,3.412552651441253,0.06438778587625006,1
voip-249d0f617b-20130328_161812,2,0.5,8,0.0,0.0,0.0,3.567806102823495,0.1427122441129398,1
voip-52eb280e7b-20130326_212826,0,0.0,12,0.0,0.0,0.0,3.5401963168787924,0.08233014690415796,1
voip-2d2d103292-20130329_042056,2,0.4,10,0.01544,0.2,0.0,3.5187762044374735,0.09510205957939118,1
voip-a8649977cf-20130323_160311,0,0.0,8,0.02573333333333333,0.3333333333333333,0.0,2.986747402608049,0.1066695500931446,1
voip-59bc8a2167-20130328_130054,4,0.4,20,0.05442999999999999,0.3,0.1,4.947074840152683,0.09894149680305367,1
voip-31d9d1a567-20130402_035757,0,0.0,8,0.0193,0.25,0.0,4.271866468916371,0.10679666172290928,1
voip-b27a230d2e-20130329_033804,0,0.0,10,-0.046620000000000016,0.4,0.2,3.5322831986862893,0.07849518219302865,1
voip-62cc0cc55d-20130323_155046,2,0.2857142857142857,14,0.07984999999999999,0.3333333333333333,0.0,4.069972885047333,0.08847767141407246,1
voip-9735278861-20130401_154251,4,0.3333333333333333,24,0.06872727272727272,0.2727272727272727,0.09090909090909093,4.888652137431445,0.07189194319752125,1
voip-13ff413553-20130328_180202,0,0.0,16,0.0695375,0.375,0.0,4.09177847790037,0.08023095054706607,1
voip-b57f8ee22b-20130325_185940,0,0.0,10,0.02308,0.2,0.0,4.384779566421012,0.09134957430043776,1
voip-583e7cede5-20130324_060405,0,0.0,8,0.1096,0.5,0.0,3.242998581110671,0.09827268427608095,1
voip-4f069a4136-20130327_205937,11,0.8461538461538461,26,0.011876923076923078,0.15384615384615385,0.0,4.282990845701729,0.08565981691403458,1
voip-dcaeb62b29-20130327_084207,0,0.0,10,0.01544,0.2,0.0,4.006616633827436,0.12141262526749806,1
voip-58047f5227-20130327_032835,2,0.4,10,0.09545,0.25,0.0,4.414480181023655,0.09809955957830344,1
voip-3b3edac94d-20130323_201535,0,0.0,12,0.18938333333333326,0.6666666666666666,0.0,5.409648760833576,0.10403170693910724,1
voip-2d3d74d091-20130328_191642,10,0.9090909090909092,22,0.13339,0.6,0.0,3.1693629371318366,0.08803785936477324,1
voip-e0035cc31b-20130323_211354,0,0.0,12,0.02573333333333333,0.3333333333333333,0.0,4.7042445894208,0.094084891788416,1
voip-bde2721237-20130325_162622,0,0.0,6,0.0,0.0,0.0,3.5204715523958097,0.1257311268712789,1
voip-4a6ecc1f1c-20130328_121528,0,0.0,20,0.0396,0.3333333333333333,0.1111111111111111,4.554710998583946,0.07116735935287416,1
voip-13ff413553-20130328_175302,3,0.21428571428571427,28,0.07915384615384614,0.38461538461538464,0.0,4.558697298997777,0.06804025819399667,1
voip-b772dbf437-20130402_141548,0,0.0,14,0.04732857142857143,0.2857142857142857,0.14285714285714285,5.189167270939831,0.08648612118233051,1
voip-dcaeb62b29-20130327_083422,0,0.0,18,0.008577777777777778,0.1111111111111111,0.0,4.719216288479955,0.0943843257695991,1
voip-dcaeb62b29-20130327_081209,5,0.35714285714285715,28,0.06002142857142857,0.21428571428571427,0.0,4.830443513160041,0.0766737065580959,1
voip-187c1708f2-20130325_131829,0,0.0,12,0.012866666666666669,0.16666666666666666,0.0,3.0804000126217677,0.08556666701727132,1
voip-52eb280e7b-20130325_130950,0,0.0,14,0.01102857142857143,0.14285714285714285,0.0,4.453585172177997,0.08907170344355993,1
voip-6d6587c57d-20130328_143034,4,0.5714285714285714,14,0.01102857142857143,0.14285714285714285,0.0,3.5632544117244223,0.08286638166800982,1
voip-10beae627f-20130328_170907,0,0.0,12,0.012866666666666669,0.16666666666666666,0.0,4.340737027063128,0.085112490726728,1
voip-36440f7305-20130327_195221,12,0.7058823529411765,34,0.054507142857142865,0.14285714285714285,0.0,3.9248251850355262,0.07008616401849153,1
voip-b6618de447-20130326_211551,0,0.0,12,0.10518333333333336,0.5,0.0,4.198173478752874,0.08396346957505749,1
voip-2e134ee190-20130401_230615,2,0.3333333333333333,12,-0.15236666666666665,0.0,0.3333333333333333,4.436285340463856,0.100824666828724,1
voip-aaa44b4121-20130327_170337,2,0.2,20,0.13785999999999998,0.4,0.1,4.900150045997538,0.07424469766662936,1
voip-05e7a5440b-20130328_211839,0,0.0,10,0.0592,0.2,0.0,3.761527919942822,0.09403819799857055,1
voip-ef9aa63b85-20130329_131544,5,0.4166666666666667,24,-0.03216666666666667,0.3333333333333333,0.3333333333333333,5.0968298900739475,0.07841276753959919,1
voip-583e7cede5-20130324_060002,0,0.0,14,-0.04705714285714286,0.14285714285714285,0.2857142857142857,4.7229509466439845,0.08911228201215066,1
voip-2f4c700ae3-20130401_190613,0,0.0,14,0.07394285714285716,0.2857142857142857,0.0,2.9959202662808853,0.08322000739669126,1
voip-ad40cf5489-20130327_192405,0,0.0,6,0.02573333333333333,0.3333333333333333,0.0,2.8605238838708327,0.1144209553548333,1
voip-2f209793f4-20130326_005104,2,0.4,10,0.01544,0.2,0.0,3.174143651052481,0.10945322934663729,1
voip-d66e12b45c-20130327_172835,8,0.8,20,0.012866666666666669,0.16666666666666666,0.0,3.992550781880888,0.11090418838558022,1
voip-2d2d103292-20130329_041424,0,0.0,8,-0.096875,0.0,0.25,3.9899467005448375,0.09731577318402043,1
voip-0fa32b1e78-20130328_152808,0,0.0,16,0.060874999999999985,0.5,0.125,3.750035795117873,0.07812574573162236,1
voip-317a1436fe-20130325_172154,0,0.0,14,-0.07838571428571428,0.14285714285714285,0.2857142857142857,4.254125746665674,0.09248099449273205,1
voip-e54437a6f0-20130325_140347,0,0.0,12,0.10818333333333334,0.3333333333333333,0.0,3.5618736932384114,0.08283427193577701,1
voip-22756d9e8f-20130329_050743,0,0.0,12,0.02573333333333333,0.3333333333333333,0.0,4.475426664141853,0.09729188400308376,1
voip-0241bbae39-20130327_190942,0,0.0,10,-0.0775,0.0,0.2,4.154387128062677,0.0865497318346391,1
voip-8d5173f3a6-20130324_184438,2,0.25,16,0.0193,0.25,0.0,3.982355326696259,0.08849678503769465,1
voip-ec87351630-20130328_162752,2,0.3333333333333333,12,0.001983333333333337,0.3333333333333333,0.3333333333333333,4.752181839851375,0.0950436367970275,1
voip-be5b7bf9d9-20130401_154835,0,0.0,12,-0.05171666666666667,0.16666666666666666,0.16666666666666666,3.5982595232474615,0.07196519046494923,1
voip-59bc8a2167-20130325_143706,0,0.0,16,0.01102857142857143,0.14285714285714285,0.0,3.600153102747713,0.08780861226213935,1
voip-dda7c88c6e-20130323_053057,0,0.0,12,0.02573333333333333,0.3333333333333333,0.0,4.731188962596273,0.11002765029293658,1
voip-88b68a9a41-20130322_221256,0,0.0,12,0.0602,0.16666666666666666,0.0,4.705660563555974,0.09226785418737204,1
voip-e61fa89add-20130326_011204,2,0.2222222222222222,18,0.0,0.0,0.0,5.622040745058323,0.0952888261874292,1
voip-4c0d36762a-20130328_212300,0,0.0,14,0.0,0.0,0.0,3.9308493100934387,0.07861698620186877,1
voip-50af5438f1-20130402_082750,2,0.2222222222222222,18,0.0598875,0.375,0.125,4.351175729302641,0.08879950467964573,1
voip-21ec2b7850-20130325_162417,2,0.25,16,0.01102857142857143,0.14285714285714285,0.0,2.7870298188654057,0.06967574547163514,1
voip-5a464ca603-20130401_170359,0,0.0,14,0.0083,0.14285714285714285,0.14285714285714285,3.794838992624724,0.0689970725931768,1
voip-f1e8236264-20130323_004442,0,0.0,10,-0.06206,0.2,0.2,4.454995628887309,0.10124990065652974,1
voip-ef9aa63b85-20130328_211048,2,0.2,20,0.02518,0.2,0.2,5.231709447957039,0.07926832496904604,1
voip-340dbb333e-20130327_011403,0,0.0,10,0.01544,0.2,0.0,3.4017942101697263,0.11339314033899088,1
voip-b57f8ee22b-20130327_000138,2,0.2857142857142857,14,0.02573333333333333,0.3333333333333333,0.0,2.8233089008718837,0.07239253591979189,1
voip-dda7c88c6e-20130323_053928,0,0.0,6,-0.09866666666666668,0.0,0.3333333333333333,2.81200187668217,0.16541187509895117,1
voip-e8997b10da-20130329_000534,0,0.0,10,0.0592,0.2,0.0,3.8397224317449226,0.09845442132679288,1
voip-4b7e22cc07-20130401_185640,16,0.64,50,0.148616,0.56,0.04,4.933934571878685,0.050865304864728705,1
voip-52eb280e7b-20130325_124240,2,0.3333333333333333,12,0.012866666666666669,0.16666666666666666,0.0,3.8767294313636174,0.09691823578409044,1
voip-fbd422ad18-20130328_185340,8,0.6666666666666666,24,0.006433333333333333,0.08333333333333333,0.0,4.850292496898856,0.09151495277167652,1
voip-bde2721237-20130326_195337,0,0.0,14,0.0,0.0,0.0,3.9330174455928977,0.08026566215495709,1
voip-e72dba1759-20130326_223506,0,0.0,6,0.02573333333333333,0.3333333333333333,0.0,3.8446970704578893,0.12402248614380289,1
voip-52eb280e7b-20130325_123856,2,0.3333333333333333,12,0.24143333333333336,0.6666666666666666,0.0,4.255228471345811,0.09456063269657358,1
voip-e0035cc31b-20130323_210244,0,0.0,10,0.01544,0.2,0.0,4.26139334569165,0.10146174632599167,1
voip-2d3d74d091-20130328_135311,0,0.0,20,0.016880000000000003,0.3,0.1,4.244091352599939,0.06736652940634823,1
voip-03d6592b76-20130327_024630,0,0.0,22,0.06878181818181818,0.2727272727272727,0.0,5.78802911549843,0.08152153683800606,1
voip-7e22911804-20130325_202948,0,0.0,8,0.0386,0.5,0.0,3.807689779682039,0.10020236262321154,1
voip-922209b777-20130327_013531,0,0.0,8,0.0193,0.25,0.0,3.297534334896204,0.0942152667113201,1
voip-03c59ba692-20130324_034930,0,0.0,10,0.01544,0.2,0.0,3.909955438963177,0.10025526766572249,1
voip-381a50592b-20130326_043646,4,0.5714285714285714,14,0.01102857142857143,0.14285714285714285,0.0,3.5067446840910264,0.09477688335381153,1
voip-4a6ecc1f1c-20130329_153643,0,0.0,10,0.07464,0.4,0.0,3.111371111547794,0.08642697532077206,1
voip-39a25ab2f8-20130328_131901,2,0.2857142857142857,14,0.0592,0.2,0.0,3.841585227546503,0.12805284091821675,1
voip-31d9d1a567-20130402_035950,0,0.0,12,0.06363333333333332,0.16666666666666666,0.0,4.576347878356743,0.07502209636650399,1
voip-e99e4f4538-20130327_140746,4,0.4444444444444444,18,0.0423,0.3333333333333333,0.0,4.033174465443099,0.0720209725971982,1
voip-e54437a6f0-20130326_195611,4,0.5,16,0.0598875,0.25,0.0,3.897153745125471,0.09742884362813678,1
voip-03c59ba692-20130325_183305,0,0.0,10,0.01544,0.2,0.0,3.438975689207533,0.0929452888975009,1
voip-9f989824fd-20130324_074401,0,0.0,10,0.01544,0.2,0.0,2.997869122326308,0.09084451885837297,1
voip-199d62165b-20130402_120456,0,0.0,10,0.031659999999999994,0.2,0.2,4.8795605914049345,0.10607740416097684,1
voip-2d2d103292-20130328_195634,0,0.0,8,-0.0065749999999999975,0.25,0.25,4.080527048900186,0.10201317622250465,1
voip-e72dba1759-20130325_204601,0,0.0,16,0.0659,0.3333333333333333,0.0,3.765754484452588,0.06973619415652942,1
voip-936ec6902a-20130328_133128,0,0.0,10,0.01544,0.2,0.0,3.399528532828591,0.09443134813412753,1
voip-96f43326a4-20130323_071538,2,0.25,16,0.1124875,0.375,0.0,4.536765075850459,0.0810136620687582,1
voip-922209b777-20130325_162222,0,0.0,12,0.012866666666666669,0.16666666666666666,0.0,4.509313935393548,0.09202681500803159,1
voip-2f4c700ae3-20130401_191934,0,0.0,10,0.0,0.0,0.0,3.351538523814856,0.09857466246514282,1
voip-3b81cbb287-20130324_022110,0,0.0,6,-0.12916666666666668,0.0,0.3333333333333333,2.62084211034674,0.09706822630913851,1
voip-b6618de447-20130328_153132,0,0.0,8,0.014525,0.25,0.25,4.19973266572325,0.09766820152844767,1
voip-a352cb5ca5-20130401_234216,4,0.3636363636363637,22,0.05580909090909091,0.3636363636363637,0.09090909090909093,4.7918235364029975,0.07606069105401583,1
voip-5cf59cc660-20130328_143501,0,0.0,12,-0.05171666666666667,0.16666666666666666,0.16666666666666666,3.972468930522454,0.09028338478460123,1
voip-8d5173f3a6-20130324_183623,2,0.3333333333333333,12,0.01544,0.2,0.0,3.448835869930183,0.1045101778766722,1
voip-b20b6e847a-20130326_222030,0,0.0,10,0.008920000000000003,0.4,0.2,4.60694674866305,0.10470333519688751,1
voip-381a50592b-20130326_035922,3,0.42857142857142855,14,0.01102857142857143,0.14285714285714285,0.0,3.4539889405624167,0.09335105244763288,1
voip-8d5173f3a6-20130324_184603,2,0.3333333333333333,12,0.01544,0.2,0.0,3.1346874682575048,0.09795898338304702,1
voip-0fa32b1e78-20130328_151336,2,0.18181818181818185,22,0.04409,0.2,0.2,4.329300977591165,0.07215501629318609,1
voip-72e50baa85-20130327_063159,2,0.2222222222222222,18,-0.04305555555555556,0.0,0.1111111111111111,4.420846028613109,0.08501626978102134,1
voip-a31ca3e355-20130323_223338,0,0.0,10,0.0193,0.25,0.0,2.314164619046221,0.09256658476184883,1
voip-10beae627f-20130328_165245,2,0.2857142857142857,14,-0.031257142857142865,0.14285714285714285,0.14285714285714285,5.115927335997098,0.08975311115784382,1
voip-36440f7305-20130327_200102,4,0.5,16,0.01102857142857143,0.14285714285714285,0.0,3.4580878773711463,0.0886689199325935,1
voip-e9b53d6ace-20130401_184931,0,0.0,10,0.011620000000000002,0.2,0.2,5.15527505295095,0.09913990486444134,1
voip-b27a230d2e-20130323_050830,0,0.0,8,0.100475,0.25,0.0,3.0866489681583165,0.09078379318112695,1
voip-90732b027d-20130328_164236,0,0.0,22,0.04355454545454545,0.18181818181818185,0.0,3.6886839564527203,0.06471375362197755,1
voip-9735278861-20130401_154605,0,0.0,12,0.009683333333333334,0.16666666666666666,0.16666666666666666,3.8474580565954093,0.08549906792434243,1
voip-f22c2bf9c7-20130326_193956,7,0.7,20,0.03954,0.2,0.0,4.013512329622089,0.08539387935366147,1
voip-da10d74c3e-20130328_142725,4,0.5,16,0.0598875,0.25,0.0,3.9432886723803136,0.08047527902816966,1
voip-b6618de447-20130328_152908,0,0.0,10,-0.046620000000000016,0.4,0.2,4.038178895345564,0.08778649772490357,1
voip-5cf59cc660-20130328_143758,2,0.18181818181818185,22,-0.02119090909090909,0.18181818181818185,0.09090909090909093,4.152545724391482,0.06807452007199151,1
voip-e72dba1759-20130326_221205,5,0.5,20,0.0555,0.2,0.0,5.722009719871841,0.1040365403613062,1
voip-f22c2bf9c7-20130328_165410,0,0.0,12,0.07984999999999999,0.3333333333333333,0.0,4.0817462896271115,0.09492433231690957,1
voip-f22c2bf9c7-20130328_115849,4,0.8,10,-0.0592,0.0,0.2,3.2560166461896145,0.19153039095233027,1
voip-96f43326a4-20130323_072452,2,0.4,10,-0.02702,0.0,0.2,3.0642998233329193,0.08511943953702554,1
voip-e2a895cfe5-20130326_233655,4,0.4,20,0.053233333333333334,0.2222222222222222,0.0,3.3539991040010495,0.07291302400002282,1
voip-8f9fb7a86b-20130328_185140,0,0.0,10,0.01544,0.2,0.0,3.6814179002170095,0.09949778108694621,1
voip-3b3edac94d-20130326_003522,0,0.0,12,-0.06458333333333334,0.0,0.16666666666666666,2.939221024620489,0.06680047783228384,1
voip-d7853a398f-20130402_161902,0,0.0,10,-0.077575,0.25,0.25,3.3006646594386613,0.08920715295780166,1
voip-dd9f7810fd-20130322_231612,0,0.0,8,0.0193,0.25,0.0,3.505957272360013,0.09475560195567603,1
voip-f091d0e461-20130327_211146,0,0.0,10,0.13957999999999998,0.4,0.0,3.494249346247643,0.0895961370832729,1
voip-d645d56d23-20130324_000651,4,0.4,20,0.05031111111111111,0.3333333333333333,0.1111111111111111,5.065882653110381,0.0791544164548497,1
voip-b27a230d2e-20130323_043046,2,0.2222222222222222,18,-0.05535714285714286,0.0,0.14285714285714285,4.8184048400836135,0.08166787864548497,1
voip-d76f6e4f82-20130327_193247,0,0.0,14,0.06571428571428571,0.2857142857142857,0.14285714285714285,5.584985066420793,0.09155713223640644,1
voip-4c25da9a27-20130327_141855,0,0.0,8,0.0903,0.25,0.0,3.069593655136969,0.09901915016570867,1
voip-4f069a4136-20130402_031309,4,0.4444444444444444,18,0.0193,0.25,0.0,4.097196882138696,0.0803371937674254,1
voip-ccf48b9a6a-20130329_041830,5,0.38461538461538464,26,0.06463846153846152,0.3076923076923077,0.07692307692307693,4.085039973289732,0.0658877415046731,1
voip-e8997b10da-20130401_151850,0,0.0,12,0.0012500000000000011,0.3333333333333333,0.16666666666666666,3.858470046717021,0.0787442866676943,1
voip-2f4c700ae3-20130401_190045,0,0.0,12,0.07306666666666667,0.3333333333333333,0.0,3.1108524800273325,0.07777131200068331,1
voip-f113dbb0e1-20130327_173842,3,0.3,20,0.008577777777777778,0.1111111111111111,0.0,4.470489952455165,0.07577101614330789,1
voip-dd9f7810fd-20130322_224356,0,0.0,18,0.06709999999999999,0.2222222222222222,0.0,4.993109517903655,0.08759841259480096,1
voip-7e22911804-20130328_204150,4,0.4,20,0.08904,0.4,0.1,3.705548945509136,0.0650096306229673,1
voip-52eb280e7b-20130326_214342,0,0.0,12,0.012866666666666669,0.16666666666666666,0.0,3.8053330679727724,0.08648484245392664,1
voip-c8ec8c76dd-20130328_175715,0,0.0,16,0.0996625,0.375,0.0,5.060736369180395,0.07907400576844367,1
voip-03c2655d43-20130327_195308,0,0.0,10,0.01544,0.2,0.0,3.91673748703097,0.09325565445311834,1
voip-db80a9e6df-20130328_230811,0,0.0,10,-0.0775,0.0,0.2,4.2643474071437835,0.09270320450312573,1
voip-5a464ca603-20130401_192625,3,0.21428571428571427,28,-0.04050833333333333,0.08333333333333333,0.25,4.476635955525474,0.07718337854354265,1
voip-22756d9e8f-20130328_170312,10,0.4,50,0.09604285714285717,0.3809523809523809,0.09523809523809523,6.920667245146029,0.07362411962921307,1
voip-ad40cf5489-20130327_192458,2,0.4,10,0.01544,0.2,0.0,3.588616264489333,0.09698962876998198,1
voip-8991b7bff6-20130401_174811,3,0.2727272727272727,22,-0.01941,0.2,0.2,5.077199591817053,0.08605423036978056,1
voip-00d76b791d-20130327_011609,0,0.0,14,0.1003,0.2857142857142857,0.0,3.7830387859376913,0.08797764618459747,1
voip-2d2d103292-20130326_041959,0,0.0,18,-0.03447777777777778,0.1111111111111111,0.1111111111111111,4.413151043408663,0.06895548505326037,1
voip-e8997b10da-20130401_152019,7,0.5,28,0.13579285714285713,0.5,0.21428571428571427,4.73439414310971,0.06575547420985708,1
voip-fbd422ad18-20130328_184603,0,0.0,12,-0.06458333333333334,0.0,0.16666666666666666,4.1391433270422855,0.08623215264671429,1
voip-2f209793f4-20130326_005217,2,0.2222222222222222,18,-0.02431111111111111,0.1111111111111111,0.1111111111111111,4.68493959835042,0.07940575590424441,1
voip-7e07d8f0f5-20130328_185855,2,0.2,20,0.10422999999999999,0.5,0.1,4.592110000438666,0.08056333334102922,1
voip-03d6592b76-20130327_030034,0,0.0,10,0.08768000000000001,0.4,0.0,3.554998470652892,0.10157138487579692,1
voip-22756d9e8f-20130329_043954,0,0.0,10,0.02706,0.4,0.2,5.034529823061414,0.09681788121271949,1
voip-7e07d8f0f5-20130328_185114,2,0.2857142857142857,14,0.0622,0.3333333333333333,0.0,3.760511642790039,0.09171979616561071,1
voip-be5b7bf9d9-20130402_201818,0,0.0,8,0.0,0.0,0.0,3.8947937060882976,0.10526469475914317,1
voip-e9b53d6ace-20130401_205843,2,0.25,16,0.007262500000000002,0.125,0.125,5.890516055921296,0.09656583698231633,1
voip-90732b027d-20130401_222446,0,0.0,18,0.0598875,0.25,0.0,5.038819616213015,0.07520626292855247,1
voip-199d62165b-20130402_122354,0,0.0,8,0.09545,0.25,0.0,4.008175755876749,0.10832907448315539,1
voip-62cc0cc55d-20130323_161217,3,0.3,20,0.05948000000000001,0.3,0.0,3.7151816850088646,0.07739961843768468,1
voip-3be3bda933-20130327_015627,0,0.0,18,0.01102857142857143,0.14285714285714285,0.0,3.505488138956303,0.07458485402034687,1
voip-b57f8ee22b-20130326_234206,0,0.0,10,0.0,0.0,0.0,3.07099303151952,0.102366434383984,1
voip-5a464ca603-20130401_193933,5,0.3125,32,-0.025058333333333332,0.08333333333333333,0.25,5.429674009457155,0.07756677156367364,1
voip-597cfafdee-20130402_011800,0,0.0,12,0.012866666666666669,0.16666666666666666,0.0,4.713759672379477,0.09242666024273484,1
voip-b6618de447-20130325_145518,0,0.0,8,0.0386,0.5,0.0,3.5020032936594885,0.09727786926831912,1
voip-88b68a9a41-20130324_004148,2,0.4,10,0.241925,0.5,0.0,3.540871007409921,0.09569921641648435,1
voip-7e07d8f0f5-20130328_192245,2,0.2857142857142857,14,0.0,0.0,0.0,3.3240019033841812,0.08107321715571174,1
voip-affbf578cf-20130401_163655,0,0.0,6,0.02573333333333333,0.3333333333333333,0.0,3.564697523329766,0.11139679760405519,1
voip-f32f2cfdae-20130327_014457,0,0.0,8,0.0193,0.25,0.0,3.270679046519507,0.10550577569417764,1
voip-0fa32b1e78-20130402_142351,0,0.0,8,0.1096,0.5,0.0,2.839563894390122,0.11358255577560489,1
voip-155e939ebc-20130327_203543,2,0.3333333333333333,12,0.07506666666666666,0.5,0.0,4.242630400028232,0.10878539487251877,1
voip-fe4b6ef58f-20130325_234625,0,0.0,16,-0.0032874999999999988,0.125,0.125,3.9020902967341433,0.06968018387025256,1
voip-ab4f1dbb59-20130328_180542,0,0.0,10,0.08386,0.4,0.2,4.280987851466306,0.08736709900951645,1
voip-d6f8c4271e-20130326_220359,0,0.0,12,0.0,0.0,0.0,4.3413906053713065,0.09437805663850667,1
voip-8d5173f3a6-20130324_183442,0,0.0,12,0.012866666666666669,0.16666666666666666,0.0,4.119495312132495,0.09808322171744036,1
voip-03d6592b76-20130326_012615,2,0.2,20,0.15436,0.5,0.1,4.926991328765021,0.08211652214608368,1
voip-db80a9e6df-20130328_230354,2,0.25,16,-0.0387875,0.125,0.125,4.711698443921907,0.08725367488744273,1
voip-3cf7bd870d-20130327_174526,0,0.0,18,0.000833333333333334,0.2222222222222222,0.1111111111111111,5.0487497022969,0.09899509220189999,1
voip-50af5438f1-20130402_090250,2,0.2222222222222222,18,0.00965,0.125,0.0,3.521418109260188,0.08189344440139973,1
voip-10beae627f-20130401_163556,0,0.0,8,0.0193,0.25,0.0,3.8645561394590158,0.10444746322862204,1
voip-10beae627f-20130401_164239,0,0.0,14,0.08627142857142857,0.2857142857142857,0.0,5.535097521339553,0.08648589877093052,1
voip-2f209793f4-20130326_012033,2,0.4,10,0.13957999999999998,0.4,0.0,3.820929378263339,0.11940404307072934,1
voip-4f069a4136-20130402_032149,5,0.5,20,0.01822222222222222,0.2222222222222222,0.2222222222222222,4.4839079048753065,0.08303533157176493,1
voip-4c0d36762a-20130328_205236,6,0.4615384615384616,26,-0.07098,0.2,0.2,4.518915078253397,0.08690221304333456,1
voip-78f497f314-20130324_203101,0,0.0,10,0.07636,0.2,0.0,5.069756165877335,0.10346441154851704,1
voip-03c2655d43-20130327_194616,0,0.0,6,0.02573333333333333,0.3333333333333333,0.0,3.183659133241071,0.13841996231482917,1
voip-58047f5227-20130327_032257,0,0.0,6,0.02573333333333333,0.3333333333333333,0.0,3.931993480881354,0.1123426708823244,1
voip-dd9f7810fd-20130322_223946,0,0.0,10,0.0,0.0,0.0,4.021285558437899,0.09808013557165608,1
voip-dcaeb62b29-20130326_043007,11,0.5789473684210527,38,0.08924444444444443,0.2222222222222222,0.0,4.224409566968638,0.06122332705751649,1
voip-14f776f781-20130328_121622,0,0.0,16,0.07347500000000001,0.25,0.0,4.505529569428623,0.0776815443004935,1
voip-e61fa89add-20130326_100409,2,0.4,10,0.07464,0.4,0.0,4.134600236593685,0.09188000525763744,1
voip-88b68a9a41-20130324_004639,0,0.0,8,0.25975,0.75,0.0,4.369742604134842,0.1040414905746391,1
