id,num_rep,num_rep_per,len_conversation,total_compound_conv,tot_pos_sen,tot_neg_sen,avg_w2v_score,sum_w2v_score,Is_satisfied
voip-0241bbae39-20130327_195830,7,0.5833333333333334,24,0.0,0.0,0.0,-0.002950099515839524,-0.06195208983263001,0
voip-0f41c16f2f-20130325_192310,4,0.6666666666666666,12,0.10275000000000001,0.3333333333333333,0.16666666666666666,-0.006210814346559346,-0.0683189578121528,0
voip-0f41c16f2f-20130325_193723,4,0.5714285714285714,14,0.04638571428571429,0.14285714285714285,0.14285714285714285,-0.0032949036,-0.04612865,0
voip-0f41c16f2f-20130325_204340,0,0.0,10,0.0,0.0,0.0,-0.005359273,-0.05359273,0
voip-0f41c16f2f-20130402_005414,4,0.5,16,0.0,0.0,0.0,-0.0071845306,-0.11495249,0
voip-0f41c16f2f-20130402_005804,0,0.0,6,0.0,0.0,0.0,-0.0060668946,-0.03640137,0
voip-0fa32b1e78-20130328_152422,12,0.6666666666666666,36,0.014084615384615383,0.15384615384615385,0.07692307692307693,-0.006565651059749403,-0.2297977870912291,0
voip-10beae627f-20130328_122107,9,0.75,24,-0.020440000000000003,0.2,0.2,-0.004234603624545822,-0.08045746886637062,0
voip-10beae627f-20130328_125615,13,0.5416666666666666,48,0.18746666666666667,0.4166666666666667,0.041666666666666664,-0.00542562647541571,-0.24415319139370695,0
voip-10beae627f-20130328_132217,18,0.6428571428571429,56,-0.016908,0.2,0.16,-0.005994991771876812,-0.2997495885938406,0
voip-10beae627f-20130328_164850,3,0.6,10,0.3447,0.6,0.0,-0.006304548,-0.06304548,0
voip-10beae627f-20130329_125733,6,0.2727272727272727,44,0.10779999999999998,0.42105263157894735,0.0,-0.00714639740804809,-0.3001486911380198,0
voip-10beae627f-20130401_164712,15,0.8333333333333334,36,0.12598571428571428,0.42857142857142855,0.0,-0.0025147625141578507,-0.08550192548136692,0
voip-13ff413553-20130328_172247,20,0.7692307692307693,52,0.11456666666666666,0.38095238095238093,0.047619047619047616,-0.005186412084824158,-0.24376136798673542,0
voip-14cb91bc48-20130327_182446,8,0.6153846153846154,26,0.03322,0.2,0.1,-0.005020894056651741,-0.12552235141629353,0
voip-14cb91bc48-20130327_190136,8,0.6153846153846154,26,-0.042570000000000004,0.0,0.3,-0.0034040514649611646,-0.07488913222914562,0
voip-15d8a89cec-20130327_021758,2,0.25,16,0.15794999999999998,0.375,0.125,-0.0052255597,-0.083608955,0
voip-187c1708f2-20130325_125747,3,0.3333333333333333,18,0.008577777777777778,0.1111111111111111,0.0,-0.0070645576,-0.12716204,0
voip-187c1708f2-20130325_130444,10,0.7142857142857143,28,0.005433333333333336,0.08333333333333333,0.08333333333333333,-0.006460521031000938,-0.1679735468060244,0
voip-187c1708f2-20130325_134928,7,0.4666666666666667,30,-0.0017363636363636364,0.0,0.09090909090909091,-0.007613670649930257,-0.22079644884797744,0
voip-199d62165b-20130402_124137,8,0.5714285714285714,28,0.05968571428571428,0.21428571428571427,0.07142857142857142,-0.005529873,-0.15483645,0
voip-202b6a3cc4-20130327_184449,4,0.5714285714285714,14,0.12295714285714286,0.2857142857142857,0.0,-0.004552942,-0.063741185,0
voip-22c938c8ba-20130325_124542,19,0.9047619047619048,42,-0.005413333333333337,0.26666666666666666,0.26666666666666666,-0.00801251474407955,-0.30447556027502287,0
voip-249d0f617b-20130328_162005,2,0.3333333333333333,12,0.06698333333333333,0.16666666666666666,0.0,-0.003955114,-0.04746137,0
voip-2c217000af-20130328_223847,5,0.625,16,0.14506249999999998,0.375,0.0,-0.0028342553,-0.045348085,0
voip-2d3d74d091-20130325_221539,3,0.375,16,-0.04432857142857143,0.14285714285714285,0.14285714285714285,-0.006290078,-0.10064125,0
voip-2d3d74d091-20130325_230144,5,0.625,16,-0.0387875,0.125,0.125,-0.007981317020797482,-0.11971975531196222,0
voip-2d3d74d091-20130328_182952,8,0.7272727272727273,22,0.06659,0.2,0.1,-0.006775435820025833,-0.12873328058049083,0
voip-2d3d74d091-20130328_192945,5,0.38461538461538464,26,0.06243846153846154,0.3076923076923077,0.07692307692307693,-0.0031736275388697245,-0.07299343339400366,0
voip-317a1436fe-20130325_142027,8,0.38095238095238093,42,0.02153333333333333,0.16666666666666666,0.05555555555555555,-0.006341686341329478,-0.2536674536531791,0
voip-317a1436fe-20130325_170800,4,0.5714285714285714,14,0.01102857142857143,0.14285714285714285,0.0,-0.0074484567,-0.10427839,0
voip-318851c80b-20130328_215616,8,0.8,20,0.0695375,0.375,0.0,-0.004149103,-0.08298206,0
voip-31de0daa7b-20130401_204621,11,0.55,40,0.0,0.0,0.0,-0.004889042638953672,-0.17600553500233218,0
voip-31de0daa7b-20130401_220217,17,0.8947368421052632,38,0.22579999999999997,0.5,0.0,-0.004751702057940231,-0.17581297614378855,0
voip-31de0daa7b-20130402_132633,11,0.7857142857142857,28,0.12034285714285713,0.42857142857142855,0.07142857142857142,-0.0057576726970222335,-0.13242647203151137,0
voip-340dbb333e-20130325_230054,0,0.0,6,0.0,0.0,0.0,-0.008792285,-0.05275371,0
voip-340dbb333e-20130325_231020,0,0.0,10,0.323875,0.75,0.0,-0.005442281,-0.054422807,0
voip-340dbb333e-20130327_005751,10,0.7692307692307693,26,0.025084615384615386,0.15384615384615385,0.07692307692307693,-0.004534484987137451,-0.10882763969129883,0
voip-340dbb333e-20130327_010913,4,0.25,32,0.11855625,0.375,0.0625,-0.005390216352327937,-0.16709670692216605,0
voip-36440f7305-20130326_140559,13,0.8666666666666667,30,0.11731538461538463,0.3076923076923077,0.0,-0.0071556405,-0.21466921,0
voip-381a50592b-20130326_042242,9,0.75,24,0.02205714285714286,0.2857142857142857,0.0,-0.007834288448540738,-0.18018863431643695,0
voip-39a25ab2f8-20130326_120841,7,0.6363636363636364,22,0.2113888888888889,0.5555555555555556,0.0,-0.006508239,-0.14318126,0
voip-39a25ab2f8-20130328_150729,3,0.5,12,0.10352000000000001,0.4,0.0,-0.005760379,-0.06912455,0
voip-39a25ab2f8-20130329_010257,6,0.5,24,0.04187272727272727,0.2727272727272727,0.09090909090909091,-0.003874392197411951,-0.08136223614565097,0
voip-3b3edac94d-20130324_201858,4,0.5714285714285714,14,-0.012866666666666667,0.0,0.16666666666666666,-0.0046775076,-0.065485105,0
voip-3be3bda933-20130326_124519,13,0.5909090909090909,44,0.03108181818181818,0.22727272727272727,0.13636363636363635,-0.0064635003578760435,-0.27146701503079385,0
voip-4660dd9eab-20130329_075906,3,0.3333333333333333,18,0.2085142857142857,0.5714285714285714,0.14285714285714285,-0.0027158046,-0.04888448,0
voip-48c12815b3-20130326_011456,7,0.7,20,-0.0484375,0.0,0.125,-0.0059992056,-0.11998411,0
voip-48c12815b3-20130326_034916,16,0.64,50,0.014786956521739133,0.21739130434782608,0.13043478260869565,-0.007629621861863653,-0.373851471231319,0
voip-4a6ecc1f1c-20130329_152840,8,0.5333333333333333,30,0.08302142857142857,0.2857142857142857,0.07142857142857142,-0.005828988202446108,-0.16904065787093714,0
voip-4c0d36762a-20130328_201131,22,0.9166666666666666,48,0.0878611111111111,0.4444444444444444,0.2222222222222222,-0.006834655657850975,-0.31439416026114486,0
voip-50af5438f1-20130327_042937,6,0.375,32,-0.011308333333333337,0.25,0.25,-0.004300693556433544,-0.10751733891083859,0
voip-52d599db9c-20130323_074800,2,0.2222222222222222,18,0.060666666666666674,0.2222222222222222,0.0,-0.0072530266,-0.13055448,0
voip-52d599db9c-20130323_075058,4,0.3076923076923077,26,-0.046638461538461545,0.07692307692307693,0.15384615384615385,-0.005727521892404184,-0.1431880473101046,0
voip-52d599db9c-20130326_213541,5,0.45454545454545453,22,0.06698333333333333,0.16666666666666666,0.0,-0.0041734977,-0.09181695,0
voip-52eb280e7b-20130326_212546,6,0.5,24,0.008825,0.08333333333333333,0.08333333333333333,-0.006008401568539304,-0.138193236076404,0
voip-52eb280e7b-20130326_214113,9,0.5294117647058824,34,0.02827333333333333,0.2,0.13333333333333333,-0.006053110095143149,-0.1997526331397239,0
voip-561b472540-20130328_124350,0,0.0,8,0.0,0.0,0.0,-0.004056507,-0.032452054,0
voip-5749b16764-20130328_150400,4,0.6666666666666666,12,0.06698333333333333,0.16666666666666666,0.0,-0.00937562,-0.11250744,0
voip-597cfafdee-20130402_004903,9,0.9,20,-0.01901,0.1,0.2,-0.006530516174327778,-0.12407980731222779,0
voip-597cfafdee-20130402_010156,7,0.875,16,0.1073625,0.375,0.125,-0.004164865550895532,-0.06247298326343298,0
voip-59bc8a2167-20130325_133335,6,0.6,20,0.030355555555555556,0.1111111111111111,0.0,-0.004578335379176822,-0.08698837220435962,0
voip-59bc8a2167-20130325_141345,6,0.75,16,0.07945,0.25,0.0,-0.007478988036746159,-0.11218482055119239,0
voip-59bc8a2167-20130328_113646,6,0.46153846153846156,26,0.055766666666666666,0.25,0.0,-0.00853404002264142,-0.2133510005660355,0
voip-59bc8a2167-20130328_115953,4,0.5714285714285714,14,0.13384000000000001,0.6,0.0,-0.009024603,-0.12634444,0
voip-59bc8a2167-20130328_125821,5,0.5,20,0.00965,0.125,0.0,-0.004343597,-0.086871944,0
voip-64150aca03-20130401_194320,10,0.6666666666666666,30,0.03543076923076924,0.23076923076923078,0.07692307692307693,-0.0034947269910480827,-0.08736817477620207,0
voip-6d6587c57d-20130328_140525,2,0.25,16,0.1519625,0.5,0.0,-0.0042609745,-0.06817559,0
voip-6d6587c57d-20130328_235137,6,0.6666666666666666,18,0.008150000000000004,0.125,0.125,-0.005013158241126803,-0.08021053185802884,0
voip-6d6587c57d-20130329_000439,0,0.0,10,0.0,0.0,0.0,-0.008196263,-0.08196263,0
voip-6dbc3573bc-20130328_192107,0,0.0,10,0.01544,0.2,0.0,-0.00822897413228121,-0.0740607671905309,0
voip-78f497f314-20130323_144347,6,0.5,24,-0.02102,0.1,0.2,-0.005180689430409602,-0.09843309917778242,0
voip-78f497f314-20130323_183806,0,0.0,6,0.0,0.0,0.0,-0.0071572773,-0.042943664,0
voip-78f497f314-20130324_140601,2,0.25,16,0.00965,0.125,0.0,-0.0066347215,-0.106155545,0
voip-78f497f314-20130324_201025,4,0.6666666666666666,12,0.13586666666666666,0.3333333333333333,0.16666666666666666,-0.0047414163,-0.056896996,0
voip-78f497f314-20130324_201923,3,0.5,12,0.16935,0.5,0.0,-0.007959043,-0.095508516,0
voip-78f497f314-20130324_203349,4,0.6666666666666666,12,0.04933333333333333,0.16666666666666666,0.0,-0.0075635407,-0.09076249,0
voip-7e07d8f0f5-20130327_174435,3,0.42857142857142855,14,0.07254285714285715,0.2857142857142857,0.14285714285714285,-0.004076080835567644,-0.05298905086237937,0
voip-7e07d8f0f5-20130327_175512,3,0.5,12,0.059199999999999996,0.2,0.0,-0.008368099732747809,-0.0920490970602259,0
voip-7e07d8f0f5-20130328_190156,11,0.8461538461538461,26,0.2325375,0.625,0.0,-0.004054366648197174,-0.10135916620492935,0
voip-7e07d8f0f5-20130328_190516,8,0.5714285714285714,28,0.055766666666666666,0.25,0.0,-0.005212928958756562,-0.13553615292767063,0
voip-7e07d8f0f5-20130328_190850,10,0.8333333333333334,24,-0.0022799999999999986,0.1,0.1,-0.005906323806437499,-0.10040750470943749,0
voip-7e07d8f0f5-20130328_191131,15,0.75,40,0.05137333333333333,0.26666666666666666,0.06666666666666667,-0.005125737160789978,-0.16914932630606927,0
voip-7e07d8f0f5-20130328_191418,13,0.8125,32,0.11509375000000001,0.4375,0.0625,-0.005320711326303667,-0.15430062846280634,0
voip-7e22911804-20130325_202635,3,0.5,12,-0.004383333333333332,0.16666666666666666,0.16666666666666666,-0.004597434724564664,-0.04597434724564664,0
voip-7e22911804-20130325_210616,0,0.0,16,0.022949999999999998,0.25,0.125,-0.007652220207576951,-0.11478330311365426,0
voip-7f9c1c8411-20130328_141000,18,0.8571428571428571,42,0.009627272727272727,0.09090909090909091,0.09090909090909091,-0.004596502941756233,-0.1700706088449806,0
voip-7f9c1c8411-20130328_141931,16,0.8421052631578947,38,0.020586666666666666,0.26666666666666666,0.0,-0.006468985,-0.24582145,0
voip-7f9c1c8411-20130401_164058,11,0.8461538461538461,26,0.02188181818181818,0.18181818181818182,0.09090909090909091,-0.008167542,-0.21235609,0
voip-88b68a9a41-20130322_221731,15,0.8333333333333334,36,0.14224705882352942,0.5294117647058824,0.11764705882352941,-0.007853143,-0.28271315,0
voip-8991b7bff6-20130326_230855,5,0.4166666666666667,24,0.06295454545454546,0.18181818181818182,0.09090909090909091,-0.006448506721591746,-0.14186714787501842,0
voip-8991b7bff6-20130326_231255,3,0.375,16,0.08308750000000001,0.375,0.0,-0.004828632,-0.07725811,0
voip-8991b7bff6-20130326_231411,2,0.5,8,0.0,0.0,0.0,-0.005454791150987149,-0.02727395575493574,0
voip-8991b7bff6-20130401_165927,2,0.2857142857142857,14,0.10014285714285713,0.2857142857142857,0.14285714285714285,-0.004512301,-0.063172214,0
voip-8991b7bff6-20130401_173851,5,0.5555555555555556,18,-0.06507142857142857,0.14285714285714285,0.2857142857142857,-0.0061101373,-0.10998247,0
voip-8991b7bff6-20130401_174015,4,0.3333333333333333,24,-0.0757875,0.125,0.25,-0.006224536678545471,-0.11826619689236395,0
voip-8991b7bff6-20130401_180108,3,0.3,20,-0.031030000000000002,0.1,0.1,-0.0068027349112334805,-0.12925196331343614,0
voip-8efef4eae9-20130325_232205,2,0.3333333333333333,12,0.04933333333333333,0.16666666666666666,0.0,-0.006479983355595984,-0.07127981691155583,0
voip-8efef4eae9-20130325_234031,0,0.0,6,-0.12916666666666668,0.0,0.3333333333333333,-0.0056397715,-0.03383863,0
voip-908884f5fd-20130326_235015,0,0.0,10,0.08808,0.2,0.0,-0.004268232,-0.04268232,0
voip-908884f5fd-20130327_000655,2,0.5,8,0.0193,0.25,0.0,-0.00873192,-0.06985536,0
voip-922209b777-20130325_163118,6,0.6666666666666666,18,0.06698333333333333,0.16666666666666666,0.0,-0.0036155283,-0.06507951,0
voip-935947e17b-20130328_165646,8,0.42105263157894735,38,0.17088124999999998,0.5625,0.0,-0.007756695140010884,-0.27924102504039183,0
voip-96f43326a4-20130324_100620,11,0.6875,32,0.05143333333333334,0.26666666666666666,0.06666666666666667,-0.005410269214119199,-0.16771834563769517,0
voip-96f43326a4-20130324_101528,3,0.21428571428571427,28,0.06042307692307693,0.38461538461538464,0.15384615384615385,-0.0076462068,-0.21409379,0
voip-9819537952-20130327_023510,5,0.625,16,0.020628571428571434,0.14285714285714285,0.14285714285714285,-0.004904903777060099,-0.07357355665590148,0
voip-9819537952-20130328_232122,2,0.25,16,0.00965,0.125,0.0,-0.009178629,-0.14685807,0
voip-9f447ce48e-20130328_114744,5,0.5555555555555556,18,0.038487499999999994,0.25,0.125,-0.004989641058879594,-0.07484461588319391,0
voip-9f989824fd-20130324_072907,7,0.875,16,-0.03047142857142857,0.14285714285714285,0.2857142857142857,-0.00777605712840644,-0.1166408569260966,0
voip-a31ca3e355-20130323_222700,12,0.631578947368421,38,0.07418823529411764,0.29411764705882354,0.0,-0.006082988110515666,-0.22507056008907966,0
voip-a8649977cf-20130323_161448,11,0.7857142857142857,28,-0.0352,0.125,0.25,-0.00615276099415496,-0.14766626385971904,0
voip-a8649977cf-20130323_161633,3,0.3333333333333333,18,0.01102857142857143,0.14285714285714285,0.0,-0.006578536620295113,-0.11183512254501693,0
voip-b08f15a787-20130402_071910,12,0.8571428571428571,28,0.03653636363636364,0.09090909090909091,0.0,-0.005301956333116525,-0.14315282099414617,0
voip-b20968d1ea-20130323_111126,16,0.7619047619047619,42,0.022168421052631577,0.15789473684210525,0.0,-0.006040794300710465,-0.24767256632912904,0
voip-b27a230d2e-20130323_043834,7,0.5833333333333334,24,0.04094545454545454,0.2727272727272727,0.0,-0.0075364374,-0.1808745,0
voip-b57f8ee22b-20130325_190707,6,0.8571428571428571,14,0.14925,0.6666666666666666,0.0,-0.004108493,-0.057518903,0
voip-b57f8ee22b-20130326_235613,2,0.2857142857142857,14,0.02205714285714286,0.2857142857142857,0.0,-0.008420556183689488,-0.10946723038796335,0
voip-bde2721237-20130325_154428,5,0.7142857142857143,14,0.060200000000000004,0.16666666666666666,0.0,-0.006093598,-0.08531037,0
voip-c8821c664b-20130322_222908,2,0.2222222222222222,18,0.025144444444444445,0.1111111111111111,0.0,-0.0046979357,-0.08456284,0
voip-ccf48b9a6a-20130329_042416,7,0.7777777777777778,18,-0.06458333333333334,0.0,0.16666666666666666,-0.005018781,-0.09033806,0
voip-d0341706f2-20130329_052811,3,0.75,8,0.0,0.0,0.0,-0.008469577,-0.067756616,0
voip-d225fad9df-20130328_204846,2,0.18181818181818182,22,0.03246,0.1,0.1,-0.0054415334,-0.11971373,0
voip-d225fad9df-20130328_205151,0,0.0,10,0.01544,0.2,0.0,-0.0073329187,-0.07332919,0
voip-d66e12b45c-20130327_173320,4,0.8,10,-0.059199999999999996,0.0,0.2,-0.0032998402748489752,-0.026398722198791802,0
voip-d76851034e-20130326_221719,11,0.8461538461538461,26,0.21104615384615383,0.6153846153846154,0.07692307692307693,-0.005780427833087742,-0.14451069582719356,0
voip-d7853a398f-20130401_152954,0,0.0,8,0.0193,0.25,0.0,-0.006680718,-0.053445745,0
voip-da10d74c3e-20130326_001047,2,0.25,16,0.04515,0.125,0.0,-0.00312275227624923,-0.04684128414373845,0
voip-da10d74c3e-20130326_001657,3,0.5,12,0.11323333333333334,0.3333333333333333,0.0,-0.0020952583,-0.0251431,0
voip-da4a08ad84-20130328_154747,9,0.75,24,-0.019854545454545455,0.09090909090909091,0.18181818181818182,-0.00466708257622288,-0.10734289925312623,0
voip-dda7c88c6e-20130323_053612,2,0.14285714285714285,28,-0.013442857142857145,0.14285714285714285,0.14285714285714285,-0.0042553926,-0.11915099,0
voip-e0035cc31b-20130323_210352,3,0.42857142857142855,14,0.07984999999999999,0.3333333333333333,0.0,-0.007641274,-0.106977835,0
voip-e3b4879e0d-20130326_023841,6,0.6666666666666666,18,0.04013333333333333,0.1111111111111111,0.0,-0.0054641464,-0.09835464,0
voip-e3b4879e0d-20130326_024044,0,0.0,18,-0.0387875,0.125,0.125,-0.0076066907,-0.13692044,0
voip-e3b4879e0d-20130326_215254,0,0.0,8,0.0933,0.5,0.0,-0.0059925606,-0.047940485,0
voip-e3b4879e0d-20130326_215705,9,0.5,36,-0.07119411764705882,0.058823529411764705,0.29411764705882354,-0.00593427228272958,-0.18989671304734657,0
voip-e3b4879e0d-20130327_030955,0,0.0,12,0.03771666666666667,0.16666666666666666,0.0,-0.0053137313,-0.06376477,0
voip-e3b4879e0d-20130327_031211,2,0.13333333333333333,30,0.04144666666666666,0.2,0.0,-0.006721729,-0.20165187,0
voip-e3b4879e0d-20130327_033913,0,0.0,10,0.01544,0.2,0.0,-0.008524414,-0.08524414,0
voip-e61fa89add-20130326_004919,0,0.0,6,0.07543333333333334,0.3333333333333333,0.0,-0.0061610057,-0.036966033,0
voip-e72dba1759-20130325_210429,3,0.3333333333333333,18,0.026422222222222222,0.4444444444444444,0.1111111111111111,-0.007371858707355226,-0.12532159802503884,0
voip-e8997b10da-20130329_000819,4,0.4444444444444444,18,0.04095555555555555,0.4444444444444444,0.1111111111111111,-0.005835366,-0.10503659,0
voip-ec3c3aaf98-20130323_142016,4,0.36363636363636365,22,0.059745454545454546,0.18181818181818182,0.0,-0.00363564442856538,-0.07634853299987299,0
voip-edb8609855-20130327_182309,0,0.0,16,0.00965,0.125,0.0,-0.007809165692500149,-0.11713748538750224,0
voip-edb8609855-20130327_182512,0,0.0,14,-0.07002857142857143,0.0,0.2857142857142857,-0.007950843,-0.1113118,0
voip-edb8609855-20130327_182651,8,0.5333333333333333,30,0.012615384615384613,0.15384615384615385,0.15384615384615385,-0.006532758927076227,-0.17638449103105813,0
voip-ef9aa63b85-20130328_190838,16,0.8421052631578947,38,0.1410611111111111,0.4444444444444444,0.05555555555555555,-0.007631270396005776,-0.27472573425620794,0
voip-f113dbb0e1-20130322_234230,9,0.75,24,0.21928333333333336,0.5833333333333334,0.0,-0.0036374254351747887,-0.07638593413867056,0
voip-f22c2bf9c7-20130326_015536,5,0.5555555555555556,18,0.04228571428571428,0.14285714285714285,0.0,-0.0062741749788983725,-0.10038679966237396,0
voip-fb0047e535-20130326_051359,2,0.5,8,0.0,0.0,0.0,-0.0056129377,-0.044903502,0
voip-fce37b0ccb-20130328_143934,0,0.0,16,0.1713285714285714,0.5714285714285714,0.0,-0.006043436,-0.096694976,0
voip-fe2783c40a-20130401_143116,2,0.25,16,-0.0177,0.25,0.125,-0.0049284482,-0.07885517,0
voip-fe2783c40a-20130401_143504,4,0.5714285714285714,14,0.0,0.14285714285714285,0.14285714285714285,-0.008844896971892852,-0.11498366063460708,0
voip-fe2783c40a-20130401_144320,4,0.8,10,0.074,0.25,0.0,-0.002727536,-0.027275361,0
voip-fe2783c40a-20130401_144421,0,0.0,12,-0.08778333333333332,0.0,0.16666666666666666,-0.0052585397,-0.06310248,0
voip-fe2783c40a-20130401_150347,4,0.4444444444444444,18,0.037,0.125,0.0,-0.007644507690201863,-0.1223121230432298,0
voip-fe2783c40a-20130401_150659,5,0.4166666666666667,24,0.11935833333333333,0.4166666666666667,0.0,-0.0037202088,-0.08928501,0
voip-fe4b6ef58f-20130325_220934,3,0.3,20,-0.029599999999999998,0.0,0.1,-0.005405436916690733,-0.0972978645004332,0
voip-00d76b791d-20130327_011609,0,0.0,14,0.10030000000000001,0.2857142857142857,0.0,-0.00802308046975388,-0.10430004610680044,1
voip-00d76b791d-20130327_012331,0,0.0,10,0.01544,0.2,0.0,-0.004585582664326971,-0.041270243978942744,1
voip-0241bbae39-20130327_190942,0,0.0,10,-0.0775,0.0,0.2,-0.0056324443,-0.05632444,1
voip-03c2655d43-20130327_194221,0,0.0,6,0.025733333333333334,0.3333333333333333,0.0,-0.007023469,-0.042140815,1
voip-03c2655d43-20130327_194616,0,0.0,6,0.025733333333333334,0.3333333333333333,0.0,-0.0080021,-0.0480126,1
voip-03c2655d43-20130327_195308,0,0.0,10,0.01544,0.2,0.0,-0.008256607,-0.08256607,1
voip-03c59ba692-20130324_034930,0,0.0,10,0.01544,0.2,0.0,-0.006271933,-0.06271933,1
voip-03c59ba692-20130325_183305,0,0.0,10,0.01544,0.2,0.0,-0.005358585,-0.05358585,1
voip-03d6592b76-20130326_012136,2,0.4,10,0.15132,0.6,0.0,-0.007859904,-0.07859904,1
voip-03d6592b76-20130326_012615,2,0.2,20,0.15436,0.5,0.1,-0.005092984,-0.10185968,1
voip-03d6592b76-20130327_024630,0,0.0,22,0.06878181818181818,0.2727272727272727,0.0,-0.008483991114189848,-0.17816381339798681,1
voip-03d6592b76-20130327_030034,0,0.0,10,0.08768000000000001,0.4,0.0,-0.005291955,-0.05291955,1
voip-05e7a5440b-20130328_211839,0,0.0,10,0.059199999999999996,0.2,0.0,-0.0076396866,-0.07639687,1
voip-0a45bc863d-20130325_202319,2,0.3333333333333333,12,0.012866666666666667,0.16666666666666666,0.0,-0.005492698,-0.06591237,1
voip-0f41c16f2f-20130401_235017,2,0.25,16,0.059887499999999996,0.25,0.0,-0.007944662348433797,-0.11122527287807316,1
voip-0fa32b1e78-20130328_151336,2,0.18181818181818182,22,0.04409,0.2,0.2,-0.004644937020549108,-0.09754367743153125,1
voip-0fa32b1e78-20130328_152808,0,0.0,16,0.06087499999999999,0.5,0.125,-0.006562958,-0.10500733,1
voip-0fa32b1e78-20130402_142351,0,0.0,8,0.1096,0.5,0.0,-0.008169575,-0.0653566,1
voip-10beae627f-20130328_165245,2,0.2857142857142857,14,-0.03125714285714286,0.14285714285714285,0.14285714285714285,-0.004979508608812466,-0.059754103305749595,1
voip-10beae627f-20130328_170907,0,0.0,12,0.012866666666666667,0.16666666666666666,0.0,-0.007318402,-0.08782083,1
voip-10beae627f-20130401_163556,0,0.0,8,0.0193,0.25,0.0,-0.003815475,-0.0305238,1
voip-10beae627f-20130401_164239,0,0.0,14,0.08627142857142857,0.2857142857142857,0.0,-0.0051954056431825915,-0.06754027336137369,1
voip-13ff413553-20130328_175302,3,0.21428571428571427,28,0.07915384615384614,0.38461538461538464,0.0,-0.004647358513601056,-0.1254786798672285,1
voip-13ff413553-20130328_180202,0,0.0,16,0.0695375,0.375,0.0,-0.004836321404824654,-0.07254482107236981,1
voip-14f776f781-20130328_121622,0,0.0,16,0.07347500000000001,0.25,0.0,-0.009095245,-0.14552392,1
voip-14f776f781-20130328_151904,3,0.42857142857142855,14,0.14345,0.3333333333333333,0.0,-0.006610060314415023,-0.0859307840873953,1
voip-155e939ebc-20130327_203128,0,0.0,12,0.012866666666666667,0.16666666666666666,0.0,-0.0070586186,-0.08470342,1
voip-155e939ebc-20130327_203543,2,0.3333333333333333,12,0.07506666666666666,0.5,0.0,-0.005499625,-0.0659955,1
voip-187c1708f2-20130325_131829,0,0.0,12,0.012866666666666667,0.16666666666666666,0.0,-0.0053308937,-0.06397072,1
voip-187c1708f2-20130325_134104,2,0.3333333333333333,12,0.01544,0.2,0.0,-0.008584906,-0.10301888,1
voip-187c1708f2-20130325_134301,0,0.0,8,0.0193,0.25,0.0,-0.0072938995,-0.058351196,1
voip-187c1708f2-20130325_135219,0,0.0,14,0.07666666666666666,0.3333333333333333,0.16666666666666666,-0.006587473,-0.09222463,1
voip-199d62165b-20130402_120456,0,0.0,10,0.031659999999999994,0.2,0.2,-0.0021151747,-0.021151746,1
voip-199d62165b-20130402_122354,0,0.0,8,0.09545,0.25,0.0,-0.0019592284,-0.015673827,1
voip-202b6a3cc4-20130327_184721,2,0.3333333333333333,12,0.012866666666666667,0.16666666666666666,0.0,-0.006393428860147568,-0.07032771746162325,1
voip-21ec2b7850-20130325_162417,2,0.25,16,0.01102857142857143,0.14285714285714285,0.0,-0.006746523902984336,-0.10119785854476504,1
voip-22756d9e8f-20130328_170312,10,0.4,50,0.09604285714285715,0.38095238095238093,0.09523809523809523,-0.007248733968995309,-0.3334417625737842,1
voip-22756d9e8f-20130329_043954,0,0.0,10,0.02706,0.4,0.2,-0.0028723497,-0.028723497,1
voip-22756d9e8f-20130329_045435,4,0.5714285714285714,14,0.012866666666666667,0.16666666666666666,0.0,-0.006442411701965074,-0.08375135212554596,1
voip-22756d9e8f-20130329_050114,2,0.2222222222222222,18,0.017155555555555556,0.2222222222222222,0.0,-0.00758373,-0.13650714,1
voip-22756d9e8f-20130329_050743,0,0.0,12,0.025733333333333334,0.3333333333333333,0.0,-0.004278029,-0.051336348,1
voip-22a181cad5-20130326_022324,2,0.2222222222222222,18,-0.0015888888888888927,0.2222222222222222,0.1111111111111111,-0.008091912,-0.14565441,1
voip-22c938c8ba-20130325_123407,10,0.5263157894736842,38,0.10885882352941176,0.35294117647058826,0.0,-0.0072886631644317225,-0.24781454759067856,1
voip-22c938c8ba-20130325_130445,8,0.5714285714285714,28,-0.010408333333333337,0.25,0.25,-0.0063301263101123,-0.1709134103730321,1
voip-249d0f617b-20130326_010500,0,0.0,10,0.0,0.0,0.0,-0.006480638804431591,-0.05832574923988432,1
voip-249d0f617b-20130328_161812,2,0.5,8,0.0,0.0,0.0,-0.0028278716,-0.022622973,1
voip-263ab0e49f-20130326_104358,0,0.0,14,0.10287142857142857,0.2857142857142857,0.0,-0.0037901477820317573,-0.045481773384381086,1
voip-2c217000af-20130325_221701,0,0.0,12,0.06344999999999999,0.5,0.0,-0.007069562,-0.08483475,1
voip-2d2d103292-20130326_041959,0,0.0,18,-0.03447777777777778,0.1111111111111111,0.1111111111111111,-0.0066643967,-0.11995914,1
voip-2d2d103292-20130326_044020,0,0.0,16,-0.0484375,0.0,0.125,-0.006801527104107663,-0.10202290656161495,1
voip-2d2d103292-20130328_195634,0,0.0,8,-0.0065749999999999975,0.25,0.25,-0.0067518894,-0.054015115,1
voip-2d2d103292-20130329_041424,0,0.0,8,-0.096875,0.0,0.25,-0.0059841457,-0.047873165,1
voip-2d2d103292-20130329_042056,2,0.4,10,0.01544,0.2,0.0,-0.00416767265738195,-0.03750905391643755,1
voip-2d3d74d091-20130328_135311,0,0.0,20,0.01688,0.3,0.1,-0.0043293093,-0.086586185,1
voip-2d3d74d091-20130328_191642,10,0.9090909090909091,22,0.13339,0.6,0.0,-0.0034190128,-0.07521828,1
voip-2e134ee190-20130401_230615,2,0.3333333333333333,12,-0.15236666666666665,0.0,0.3333333333333333,-0.004161552151675674,-0.04577707366843242,1
voip-2f209793f4-20130326_005104,2,0.4,10,0.01544,0.2,0.0,-0.0060035726,-0.060035724,1
voip-2f209793f4-20130326_005217,2,0.2222222222222222,18,-0.02431111111111111,0.1111111111111111,0.1111111111111111,-0.008632373263347237,-0.14675034547690302,1
voip-2f209793f4-20130326_012033,2,0.4,10,0.13957999999999998,0.4,0.0,-0.003906855,-0.03906855,1
voip-2f4c700ae3-20130401_190045,0,0.0,12,0.07306666666666667,0.3333333333333333,0.0,-0.008346623,-0.10015947,1
voip-2f4c700ae3-20130401_190613,0,0.0,14,0.07394285714285716,0.2857142857142857,0.0,-0.008197245,-0.11476143,1
voip-2f4c700ae3-20130401_191934,0,0.0,10,0.0,0.0,0.0,-0.00624551,-0.062455103,1
voip-30772678da-20130328_192819,2,0.2222222222222222,18,0.0008777777777777752,0.2222222222222222,0.1111111111111111,-0.007312546,-0.13162583,1
voip-317a1436fe-20130325_172154,0,0.0,14,-0.07838571428571428,0.14285714285714285,0.2857142857142857,-0.008148319,-0.114076465,1
voip-318851c80b-20130328_220341,4,0.4,20,0.06987000000000002,0.5,0.1,-0.0048726294587954485,-0.09257995971711352,1
voip-31d9d1a567-20130402_035757,0,0.0,8,0.0193,0.25,0.0,-0.0038561448,-0.030849159,1
voip-31d9d1a567-20130402_035950,0,0.0,12,0.06363333333333333,0.16666666666666666,0.0,-0.008434002,-0.101208024,1
voip-340dbb333e-20130327_011403,0,0.0,10,0.01544,0.2,0.0,-0.004910019653228422,-0.0441901768790558,1
voip-36440f7305-20130326_201757,0,0.0,16,0.01102857142857143,0.14285714285714285,0.0,-0.007632886280771345,-0.11449329421157017,1
voip-36440f7305-20130327_195221,12,0.7058823529411765,34,0.05450714285714286,0.14285714285714285,0.0,-0.003368279940332286,-0.10778495809063315,1
voip-36440f7305-20130327_200102,4,0.5,16,0.01102857142857143,0.14285714285714285,0.0,-0.0032588306,-0.05214129,1
voip-381a50592b-20130326_035922,3,0.42857142857142855,14,0.01102857142857143,0.14285714285714285,0.0,-0.0059524338083485,-0.0773816395085305,1
voip-381a50592b-20130326_043646,4,0.5714285714285714,14,0.01102857142857143,0.14285714285714285,0.0,-0.005250950502858569,-0.0682623565371614,1
voip-39a25ab2f8-20130328_131901,2,0.2857142857142857,14,0.059199999999999996,0.2,0.0,-0.003960573257548579,-0.04752687909058295,1
voip-3b3edac94d-20130323_201535,0,0.0,12,0.18938333333333332,0.6666666666666666,0.0,-0.0033155128,-0.039786153,1
voip-3b3edac94d-20130324_202415,7,0.5384615384615384,26,0.06276923076923077,0.23076923076923078,0.07692307692307693,-0.00535835,-0.1393171,1
voip-3b3edac94d-20130326_003522,0,0.0,12,-0.06458333333333334,0.0,0.16666666666666666,-0.006454153,-0.077449836,1
voip-3b81cbb287-20130324_022110,0,0.0,6,-0.12916666666666668,0.0,0.3333333333333333,-0.0064222193,-0.038533315,1
voip-3be3bda933-20130327_015627,0,0.0,18,0.01102857142857143,0.14285714285714285,0.0,-0.004395160093040699,-0.07471772158169188,1
voip-3cf7bd870d-20130327_174526,0,0.0,18,0.000833333333333334,0.2222222222222222,0.1111111111111111,-0.006112845998038264,-0.10391838196665049,1
voip-43479eb5c2-20130324_003643,0,0.0,10,0.03088,0.4,0.0,-0.00632149,-0.0632149,1
voip-4660dd9eab-20130329_080055,2,0.3333333333333333,12,-0.03646666666666667,0.16666666666666666,0.16666666666666666,-0.009195179665564664,-0.08275661699008197,1
voip-48c12815b3-20130402_051808,0,0.0,14,0.02205714285714286,0.2857142857142857,0.0,-0.008412232,-0.117771246,1
voip-4a6ecc1f1c-20130328_121528,0,0.0,20,0.0396,0.3333333333333333,0.1111111111111111,-0.0075595803,-0.1511916,1
voip-4a6ecc1f1c-20130329_153643,0,0.0,10,0.07464,0.4,0.0,-0.0076941163,-0.07694116,1
voip-4b7e22cc07-20130401_185640,16,0.64,50,0.148616,0.56,0.04,-0.0051928083,-0.25964043,1
voip-4c0d36762a-20130328_203937,0,0.0,12,0.012866666666666667,0.16666666666666666,0.0,-0.003402000647673214,-0.037422007124405354,1
voip-4c0d36762a-20130328_205236,6,0.46153846153846156,26,-0.07098,0.2,0.2,-0.0058240145,-0.15142438,1
voip-4c0d36762a-20130328_212300,0,0.0,14,0.0,0.0,0.0,-0.007985445196167208,-0.1038107875501737,1
voip-4c25da9a27-20130325_181701,0,0.0,14,0.12492857142857142,0.5714285714285714,0.0,-0.005776197,-0.08086676,1
voip-4c25da9a27-20130327_141034,0,0.0,16,0.00965,0.125,0.0,-0.009027361582654218,-0.13541042373981327,1
voip-4c25da9a27-20130327_141855,0,0.0,8,0.0903,0.25,0.0,-0.008440554,-0.06752443,1
voip-4f069a4136-20130327_205819,2,0.3333333333333333,12,0.011620000000000002,0.2,0.2,-0.005273324,-0.06327989,1
voip-4f069a4136-20130327_205937,11,0.8461538461538461,26,0.011876923076923078,0.15384615384615385,0.0,-0.005409235308078401,-0.12441241208580323,1
voip-4f069a4136-20130402_030550,6,0.4,30,0.02488,0.2,0.06666666666666667,-0.005939793465899882,-0.17225401051109657,1
voip-4f069a4136-20130402_031309,4,0.4444444444444444,18,0.0193,0.25,0.0,-0.011175129,-0.20115231,1
voip-4f069a4136-20130402_032149,5,0.5,20,0.01822222222222222,0.2222222222222222,0.2222222222222222,-0.005365562153440949,-0.10194568091537803,1
voip-4f069a4136-20130402_034737,0,0.0,16,0.06571428571428571,0.2857142857142857,0.14285714285714285,-0.004361559,-0.06978495,1
voip-50af5438f1-20130327_041542,2,0.2222222222222222,18,0.008577777777777778,0.1111111111111111,0.0,-0.006850112606116454,-0.10960180169786327,1
voip-50af5438f1-20130402_082750,2,0.2222222222222222,18,0.059887499999999996,0.375,0.125,-0.007340105757226839,-0.12478179787285626,1
voip-50af5438f1-20130402_084400,0,0.0,16,0.001799999999999996,0.125,0.125,-0.004925121675478294,-0.07387682513217442,1
voip-50af5438f1-20130402_085256,2,0.2,20,0.03732,0.2,0.0,-0.005173972337567983,-0.09830547441379167,1
voip-50af5438f1-20130402_090250,2,0.2222222222222222,18,0.00965,0.125,0.0,-0.005581851747202953,-0.07814592446084134,1
voip-52d599db9c-20130325_135450,2,0.3333333333333333,12,0.02255,0.3333333333333333,0.16666666666666666,-0.004331680543890054,-0.04764848598279059,1
voip-52d599db9c-20130326_214615,6,0.5454545454545454,22,0.061811111111111115,0.3333333333333333,0.0,-0.006147164,-0.1352376,1
voip-52d599db9c-20130402_001953,0,0.0,10,-0.062060000000000004,0.2,0.2,-0.0061771413,-0.06177141,1
voip-52d599db9c-20130402_002522,2,0.2222222222222222,18,0.13578888888888888,0.4444444444444444,0.0,-0.002476099,-0.044569783,1
voip-52eb280e7b-20130325_123856,2,0.3333333333333333,12,0.24143333333333336,0.6666666666666666,0.0,-0.0068737767,-0.08248532,1
voip-52eb280e7b-20130325_124240,2,0.3333333333333333,12,0.012866666666666667,0.16666666666666666,0.0,-0.0037612131987275047,-0.04137334518600255,1
voip-52eb280e7b-20130325_130950,0,0.0,14,0.01102857142857143,0.14285714285714285,0.0,-0.00869498214720247,-0.1130347679136321,1
voip-52eb280e7b-20130325_131334,0,0.0,6,0.0,0.0,0.0,-0.0062593333,-0.037556,1
voip-52eb280e7b-20130326_212826,0,0.0,12,0.0,0.0,0.0,-0.007241542945848778,-0.07965697240433656,1
voip-52eb280e7b-20130326_213227,0,0.0,12,0.0622,0.3333333333333333,0.0,-0.009230834,-0.11077001,1
voip-52eb280e7b-20130326_214342,0,0.0,12,0.012866666666666667,0.16666666666666666,0.0,-0.007982758,-0.0957931,1
voip-561b472540-20130328_123209,0,0.0,14,0.13434285714285715,0.42857142857142855,0.0,-0.006450636871914657,-0.08385827933489054,1
voip-58047f5227-20130327_032257,0,0.0,6,0.025733333333333334,0.3333333333333333,0.0,-0.0052436204,-0.031461723,1
voip-58047f5227-20130327_032835,2,0.4,10,0.09545,0.25,0.0,-0.009435567,-0.09435567,1
voip-583e7cede5-20130324_060002,0,0.0,14,-0.04705714285714286,0.14285714285714285,0.2857142857142857,-0.00654357,-0.091609985,1
voip-583e7cede5-20130324_060405,0,0.0,8,0.1096,0.5,0.0,-0.0065983636,-0.05278691,1
voip-597cfafdee-20130328_234346,2,0.2,20,0.05323333333333333,0.2222222222222222,0.0,-0.0047989426039796515,-0.09117990947561339,1
voip-597cfafdee-20130402_005206,2,0.2857142857142857,14,0.06262857142857144,0.2857142857142857,0.0,-0.0053998404,-0.07559776,1
voip-597cfafdee-20130402_010910,4,0.4,20,0.07837,0.2,0.0,-0.00453865116544287,-0.07715706981252879,1
voip-597cfafdee-20130402_011800,0,0.0,12,0.012866666666666667,0.16666666666666666,0.0,-0.0069972835,-0.0839674,1
voip-59bc8a2167-20130325_143706,0,0.0,16,0.01102857142857143,0.14285714285714285,0.0,-0.005353958726239701,-0.08030938089359552,1
voip-59bc8a2167-20130328_130054,4,0.4,20,0.05443,0.3,0.1,-0.004602314380463213,-0.08284165884833783,1
voip-5a464ca603-20130401_170359,0,0.0,14,0.0083,0.14285714285714285,0.14285714285714285,-0.0033803855286140996,-0.0439450118719833,1
voip-5a464ca603-20130401_192625,3,0.21428571428571427,28,-0.040508333333333334,0.08333333333333333,0.25,-0.00558418395909636,-0.13402041501831263,1
voip-5a464ca603-20130401_193933,5,0.3125,32,-0.025058333333333335,0.08333333333333333,0.25,-0.00511429,-0.16365728,1
voip-5cf59cc660-20130328_143501,0,0.0,12,-0.05171666666666667,0.16666666666666666,0.16666666666666666,-0.007832125,-0.0939855,1
voip-5cf59cc660-20130328_143758,2,0.18181818181818182,22,-0.021190909090909094,0.18181818181818182,0.09090909090909091,-0.0072744726,-0.1600384,1
voip-5cf59cc660-20130328_160946,0,0.0,8,0.0193,0.25,0.0,-0.006310282,-0.050482254,1
voip-5cf59cc660-20130328_161054,3,0.5,12,0.1503,0.3333333333333333,0.16666666666666666,-0.005430559,-0.06516671,1
voip-5cf59cc660-20130328_171914,0,0.0,8,-0.096875,0.0,0.25,-0.0061630327,-0.04930426,1
voip-62cc0cc55d-20130323_155046,2,0.2857142857142857,14,0.07984999999999999,0.3333333333333333,0.0,-0.004462212,-0.06247097,1
voip-62cc0cc55d-20130323_161217,3,0.3,20,0.05948000000000001,0.3,0.0,-0.0064944127,-0.12988825,1
voip-6d6587c57d-20130328_143034,4,0.5714285714285714,14,0.01102857142857143,0.14285714285714285,0.0,-0.008265761,-0.11572065,1
voip-6dbc3573bc-20130328_191808,2,0.3333333333333333,12,0.0,0.0,0.0,-0.009053169,-0.108638026,1
voip-6dbc3573bc-20130328_193216,0,0.0,6,0.025733333333333334,0.3333333333333333,0.0,-0.005609151,-0.033654906,1
voip-72e50baa85-20130326_051315,4,0.4444444444444444,18,-0.08615555555555557,0.2222222222222222,0.2222222222222222,-0.008432757265194702,-0.14335687350830995,1
voip-72e50baa85-20130326_053934,0,0.0,12,-0.05171666666666667,0.16666666666666666,0.16666666666666666,-0.0076134535,-0.09136144,1
voip-72e50baa85-20130327_061457,13,0.8125,32,-0.01981333333333334,0.13333333333333333,0.2,-0.0070674133096491135,-0.21908981259912252,1
voip-72e50baa85-20130327_063159,2,0.2222222222222222,18,-0.043055555555555555,0.0,0.1111111111111111,-0.005899517,-0.1061913,1
voip-78f497f314-20130324_203101,0,0.0,10,0.07636,0.2,0.0,-0.0053970655,-0.053970657,1
voip-7e07d8f0f5-20130328_185114,2,0.2857142857142857,14,0.0622,0.3333333333333333,0.0,-0.006717281666799233,-0.08732466166839004,1
voip-7e07d8f0f5-20130328_185855,2,0.2,20,0.10423,0.5,0.1,-0.005848120634542092,-0.11111429205629975,1
voip-7e07d8f0f5-20130328_192048,2,0.2222222222222222,18,0.0332,0.3333333333333333,0.1111111111111111,-0.006403516385676887,-0.10885977855650708,1
voip-7e07d8f0f5-20130328_192245,2,0.2857142857142857,14,0.0,0.0,0.0,-0.0048127821434966545,-0.0529406035784632,1
voip-7e22911804-20130324_184015,9,0.6923076923076923,26,0.007018181818181818,0.09090909090909091,0.0,-0.006788866275557033,-0.15614392433781177,1
voip-7e22911804-20130324_184843,2,0.4,10,0.09008,0.6,0.0,-0.005215466,-0.05215466,1
voip-7e22911804-20130324_193050,0,0.0,18,0.08544444444444445,0.3333333333333333,0.1111111111111111,-0.005533716278424596,-0.09407317673321813,1
voip-7e22911804-20130325_202948,0,0.0,8,0.0386,0.5,0.0,-0.008177677,-0.06542142,1
voip-7e22911804-20130327_202516,4,0.2857142857142857,28,0.02283076923076923,0.3076923076923077,0.07692307692307693,-0.00787083018803969,-0.20464158488903195,1
voip-7e22911804-20130328_204150,4,0.4,20,0.08904,0.4,0.1,-0.007083421696306151,-0.12041816883720458,1
voip-8586129f35-20130328_160121,4,0.2857142857142857,28,0.02734285714285714,0.21428571428571427,0.21428571428571427,-0.004014093643770768,-0.10436643473803997,1
voip-869dd52548-20130401_175624,0,0.0,14,0.01102857142857143,0.14285714285714285,0.0,-0.006811239,-0.09535734,1
voip-88b68a9a41-20130322_221256,0,0.0,12,0.060200000000000004,0.16666666666666666,0.0,-0.004966609141609462,-0.054632700557704084,1
voip-88b68a9a41-20130322_221603,0,0.0,8,0.18575,0.5,0.0,-0.00517655727786145,-0.03623590094503015,1
voip-88b68a9a41-20130324_003412,0,0.0,10,0.08653999999999999,0.6,0.2,-0.00720743,-0.0720743,1
voip-88b68a9a41-20130324_004148,2,0.4,10,0.241925,0.5,0.0,-0.008263845,-0.08263845,1
voip-88b68a9a41-20130324_004639,0,0.0,8,0.25975,0.75,0.0,-0.007331274,-0.058650192,1
voip-8991b7bff6-20130401_174504,0,0.0,14,0.0020571428571428524,0.14285714285714285,0.14285714285714285,-0.004825486320232113,-0.06273132216301747,1
voip-8991b7bff6-20130401_174811,3,0.2727272727272727,22,-0.01941,0.2,0.2,-0.0052875970184686595,-0.10575194036937319,1
voip-8d5173f3a6-20130324_183442,0,0.0,12,0.012866666666666667,0.16666666666666666,0.0,-0.0068101753,-0.0817221,1
voip-8d5173f3a6-20130324_183623,2,0.3333333333333333,12,0.01544,0.2,0.0,-0.005771572,-0.06925886,1
voip-8d5173f3a6-20130324_184438,2,0.25,16,0.0193,0.25,0.0,-0.009106087,-0.14569739,1
voip-8d5173f3a6-20130324_184603,2,0.3333333333333333,12,0.01544,0.2,0.0,-0.0069390405,-0.083268486,1
voip-8d5173f3a6-20130324_185203,4,0.6666666666666666,12,0.07464,0.4,0.0,-0.0061659017,-0.07399082,1
voip-8f9fb7a86b-20130328_185140,0,0.0,10,0.01544,0.2,0.0,-0.006369114,-0.06369114,1
voip-90732b027d-20130327_183400,2,0.25,16,0.09688749999999999,0.375,0.0,-0.0071298415,-0.114077464,1
voip-90732b027d-20130328_164236,0,0.0,22,0.04355454545454545,0.18181818181818182,0.0,-0.0052151955968881905,-0.109519107534652,1
voip-90732b027d-20130401_222446,0,0.0,18,0.059887499999999996,0.25,0.0,-0.007821882,-0.14079387,1
voip-922209b777-20130325_162222,0,0.0,12,0.012866666666666667,0.16666666666666666,0.0,-0.0032457426476122982,-0.03570316912373528,1
voip-922209b777-20130327_013531,0,0.0,8,0.0193,0.25,0.0,-0.002962921270019641,-0.020740448890137486,1
voip-936ec6902a-20130328_133128,0,0.0,10,0.01544,0.2,0.0,-0.0055433195,-0.055433195,1
voip-96f43326a4-20130323_071538,2,0.25,16,0.1124875,0.375,0.0,-0.004867637729538339,-0.06814692821353674,1
voip-96f43326a4-20130323_072452,2,0.4,10,-0.02702,0.0,0.2,-0.007022017,-0.07022017,1
voip-9735278861-20130401_154251,4,0.3333333333333333,24,0.06872727272727273,0.2727272727272727,0.09090909090909091,-0.004431766,-0.10636239,1
voip-9735278861-20130401_154605,0,0.0,12,0.009683333333333334,0.16666666666666666,0.16666666666666666,-0.0039012188,-0.046814624,1
voip-9735278861-20130401_155528,0,0.0,12,0.10065,0.3333333333333333,0.0,-0.0047048037,-0.056457642,1
voip-9f989824fd-20130324_074401,0,0.0,10,0.01544,0.2,0.0,-0.0064448593,-0.064448595,1
voip-9f989824fd-20130324_075833,0,0.0,14,0.015266666666666663,0.3333333333333333,0.16666666666666666,-0.0066184504,-0.0926583,1
voip-9f989824fd-20130325_204229,0,0.0,16,0.07984999999999999,0.3333333333333333,0.0,-0.006688508,-0.10701613,1
voip-a31ca3e355-20130323_222931,11,0.6111111111111112,36,0.01960714285714285,0.21428571428571427,0.14285714285714285,-0.0072316504,-0.2603394,1
voip-a31ca3e355-20130323_223338,0,0.0,10,0.0193,0.25,0.0,-0.0044860892424670356,-0.04037480318220332,1
voip-a31ca3e355-20130323_234926,8,0.7272727272727273,22,0.12724,0.4,0.0,-0.0051319543,-0.11290299,1
voip-a352cb5ca5-20130401_234216,4,0.36363636363636365,22,0.05580909090909091,0.36363636363636365,0.09090909090909091,-0.006343762545535962,-0.1332190134562552,1
voip-a7ddefaeb3-20130328_173142,18,0.72,50,0.12184736842105262,0.3684210526315789,0.05263157894736842,-0.0034549897479693122,-0.15892952840658836,1
voip-a8649977cf-20130323_160311,0,0.0,8,0.025733333333333334,0.3333333333333333,0.0,-0.0076634353,-0.061307482,1
voip-aaa44b4121-20130326_051152,6,0.42857142857142855,28,0.06002142857142857,0.21428571428571427,0.0,-0.0024938122974708676,-0.06234530743677169,1
voip-aaa44b4121-20130326_055421,0,0.0,10,0.08768000000000001,0.4,0.0,-0.0056977948018660145,-0.05128015321679413,1
voip-aaa44b4121-20130327_170337,2,0.2,20,0.13786,0.4,0.1,-0.0076958807,-0.15391761,1
voip-aaa44b4121-20130327_171617,0,0.0,10,-0.08132,0.0,0.4,-0.0041886168,-0.04188617,1
voip-ab4f1dbb59-20130325_214838,0,0.0,8,-0.077575,0.25,0.25,-0.0065682316,-0.052545853,1
voip-ab4f1dbb59-20130328_180542,0,0.0,10,0.08386,0.4,0.2,-0.004515124,-0.04515124,1
voip-ad40cf5489-20130325_175141,0,0.0,14,0.03308571428571429,0.42857142857142855,0.0,-0.007981903,-0.11174664,1
voip-ad40cf5489-20130327_192405,0,0.0,6,0.025733333333333334,0.3333333333333333,0.0,-0.0026916687,-0.016150013,1
voip-ad40cf5489-20130327_192458,2,0.4,10,0.01544,0.2,0.0,-0.009658213,-0.09658213,1
voip-afd3aa91f0-20130325_225729,6,0.5454545454545454,22,0.10013999999999998,0.4,0.0,-0.006582044,-0.14480497,1
voip-afd3aa91f0-20130325_230434,0,0.0,16,0.0502375,0.125,0.0,-0.0057370192,-0.09179231,1
voip-affbf578cf-20130401_163655,0,0.0,6,0.025733333333333334,0.3333333333333333,0.0,-0.0053581037,-0.032148622,1
voip-b08f15a787-20130326_021953,0,0.0,14,0.06571428571428571,0.2857142857142857,0.14285714285714285,-0.0050428296,-0.070599616,1
voip-b08f15a787-20130326_022327,2,0.3333333333333333,12,0.0065000000000000014,0.16666666666666666,0.3333333333333333,-0.003878031,-0.04653637,1
voip-b08f15a787-20130402_065804,0,0.0,14,0.0083,0.14285714285714285,0.14285714285714285,-0.0072033117758110166,-0.09364305308554322,1
voip-b20b6e847a-20130326_222030,0,0.0,10,0.008920000000000003,0.4,0.2,-0.0049777306,-0.049777307,1
voip-b20b6e847a-20130326_222313,0,0.0,8,-0.096875,0.0,0.25,-0.0058971997,-0.047177598,1
voip-b27a230d2e-20130323_043046,2,0.2222222222222222,18,-0.05535714285714286,0.0,0.14285714285714285,-0.008767787,-0.15782018,1
voip-b27a230d2e-20130323_050830,0,0.0,8,0.100475,0.25,0.0,-0.0041551935,-0.033241548,1
voip-b27a230d2e-20130329_033804,0,0.0,10,-0.04662000000000001,0.4,0.2,-0.008843704,-0.08843704,1
voip-b27a230d2e-20130329_034847,0,0.0,8,0.0193,0.25,0.0,-0.0072839097,-0.058271278,1
voip-b57f8ee22b-20130325_185315,4,0.36363636363636365,22,0.005927272727272731,0.09090909090909091,0.09090909090909091,-0.004654535549343563,-0.09309071098687127,1
voip-b57f8ee22b-20130325_185940,0,0.0,10,0.02308,0.2,0.0,-0.009074329,-0.090743296,1
voip-b57f8ee22b-20130326_234206,0,0.0,10,0.0,0.0,0.0,-0.0059497776,-0.059497774,1
voip-b57f8ee22b-20130327_000138,2,0.2857142857142857,14,0.025733333333333334,0.3333333333333333,0.0,-0.005322824,-0.07451954,1
voip-b6618de447-20130325_145518,0,0.0,8,0.0386,0.5,0.0,-0.00503611,-0.04028888,1
voip-b6618de447-20130326_211132,0,0.0,12,0.025733333333333334,0.3333333333333333,0.0,-0.008355276,-0.100263305,1
voip-b6618de447-20130326_211551,0,0.0,12,0.10518333333333335,0.5,0.0,-0.010096862,-0.12116235,1
voip-b6618de447-20130328_152908,0,0.0,10,-0.04662000000000001,0.4,0.2,-0.006214005,-0.062140048,1
voip-b6618de447-20130328_153132,0,0.0,8,0.014525000000000001,0.25,0.25,-0.0032764126,-0.0262113,1
voip-b772dbf437-20130402_141548,0,0.0,14,0.04732857142857143,0.2857142857142857,0.14285714285714285,-0.005004633,-0.070064865,1
voip-bb1fd497eb-20130325_132300,3,0.375,16,0.0979625,0.25,0.0,-0.006778016150929034,-0.1016702422639355,1
voip-bb1fd497eb-20130326_232439,2,0.2,20,-0.014419999999999999,0.1,0.2,-0.004274565982325983,-0.08121675366419367,1
voip-bde2721237-20130325_162622,0,0.0,6,0.0,0.0,0.0,-0.0045071184,-0.02704271,1
voip-bde2721237-20130326_195337,0,0.0,14,0.0,0.0,0.0,-0.005100343069688489,-0.06630445990595035,1
voip-bde2721237-20130326_200505,0,0.0,10,0.01544,0.2,0.0,-0.0046954723802627996,-0.042259251422365196,1
voip-be5b7bf9d9-20130401_154835,0,0.0,12,-0.05171666666666667,0.16666666666666666,0.16666666666666666,-0.006800108,-0.0816013,1
voip-be5b7bf9d9-20130402_201818,0,0.0,8,0.0,0.0,0.0,-0.0065828776,-0.05266302,1
voip-c8ec8c76dd-20130328_175715,0,0.0,16,0.09966249999999999,0.375,0.0,-0.0053614895,-0.08578383,1
voip-ccf48b9a6a-20130329_041830,5,0.38461538461538464,26,0.06463846153846153,0.3076923076923077,0.07692307692307693,-0.005046485273245101,-0.12111564655788243,1
voip-d225fad9df-20130328_183352,0,0.0,10,0.011620000000000002,0.2,0.2,-0.0047460375,-0.047460373,1
voip-d225fad9df-20130328_205512,6,0.6666666666666666,18,0.008577777777777778,0.1111111111111111,0.0,-0.0061944136,-0.11149944,1
voip-d645d56d23-20130324_000651,4,0.4,20,0.05031111111111111,0.3333333333333333,0.1111111111111111,-0.0058708102,-0.1174162,1
voip-d66e12b45c-20130327_172835,8,0.8,20,0.012866666666666667,0.16666666666666666,0.0,-0.005083266475642296,-0.09658206303720362,1
voip-d6f8c4271e-20130326_220359,0,0.0,12,0.0,0.0,0.0,-0.008075105,-0.09690126,1
voip-d76f6e4f82-20130327_193247,0,0.0,14,0.06571428571428571,0.2857142857142857,0.14285714285714285,-0.0037382587,-0.052335624,1
voip-d7853a398f-20130401_152711,0,0.0,10,0.0,0.0,0.0,-0.00930888,-0.0930888,1
voip-d7853a398f-20130401_161556,0,0.0,12,-0.06458333333333334,0.0,0.16666666666666666,-0.008194451,-0.09833342,1
voip-d7853a398f-20130402_161902,0,0.0,10,-0.077575,0.25,0.25,-0.006577725,-0.06577725,1
voip-d7aef99178-20130328_184726,2,0.4,10,0.03088,0.4,0.0,-0.0087090405,-0.0870904,1
voip-da10d74c3e-20130326_002258,2,0.2857142857142857,14,0.17094285714285712,0.42857142857142855,0.0,-0.006674766,-0.093446724,1
voip-da10d74c3e-20130328_142725,4,0.5,16,0.059887499999999996,0.25,0.0,-0.0049788393,-0.07966143,1
voip-db80a9e6df-20130328_230014,0,0.0,14,-0.04432857142857143,0.14285714285714285,0.14285714285714285,-0.0074247806,-0.10394693,1
voip-db80a9e6df-20130328_230211,0,0.0,12,0.050583333333333334,0.3333333333333333,0.0,-0.0071744327,-0.086093195,1
voip-db80a9e6df-20130328_230354,2,0.25,16,-0.0387875,0.125,0.125,-0.006174067,-0.09878507,1
voip-db80a9e6df-20130328_230811,0,0.0,10,-0.0775,0.0,0.2,-0.002561068,-0.02561068,1
voip-dcaeb62b29-20130326_043007,11,0.5789473684210527,38,0.08924444444444443,0.2222222222222222,0.0,-0.005262517745399641,-0.18945063883438706,1
voip-dcaeb62b29-20130327_081209,5,0.35714285714285715,28,0.06002142857142857,0.21428571428571427,0.0,-0.008686592,-0.24322456,1
voip-dcaeb62b29-20130327_081541,0,0.0,10,-0.0775,0.0,0.2,-0.0065468997,-0.065469,1
voip-dcaeb62b29-20130327_083422,0,0.0,18,0.008577777777777778,0.1111111111111111,0.0,-0.005854661699713153,-0.0995292488951236,1
voip-dcaeb62b29-20130327_084207,0,0.0,10,0.01544,0.2,0.0,-0.006914962,-0.06914962,1
voip-dd9f7810fd-20130322_223946,0,0.0,10,0.0,0.0,0.0,-0.007224988,-0.07224988,1
voip-dd9f7810fd-20130322_224356,0,0.0,18,0.06709999999999999,0.2222222222222222,0.0,-0.0049441536,-0.088994764,1
voip-dd9f7810fd-20130322_224705,0,0.0,10,-0.062060000000000004,0.2,0.2,-0.0042051203,-0.042051204,1
voip-dd9f7810fd-20130322_231612,0,0.0,8,0.0193,0.25,0.0,-0.0031403913,-0.02512313,1
voip-dda7c88c6e-20130323_053057,0,0.0,12,0.025733333333333334,0.3333333333333333,0.0,-0.005968966,-0.071627595,1
voip-dda7c88c6e-20130323_053928,0,0.0,6,-0.09866666666666667,0.0,0.3333333333333333,-0.008315801,-0.049894806,1
voip-dda7c88c6e-20130323_055048,8,0.7272727272727273,22,0.00965,0.125,0.0,-0.007971459,-0.17537211,1
voip-ddcaad92a1-20130326_010701,0,0.0,14,0.05331428571428571,0.2857142857142857,0.0,-0.003733871,-0.052274194,1
voip-e0035cc31b-20130323_210244,0,0.0,10,0.01544,0.2,0.0,-0.008930275,-0.08930275,1
voip-e0035cc31b-20130323_211354,0,0.0,12,0.025733333333333334,0.3333333333333333,0.0,-0.00823725,-0.098847,1
voip-e0035cc31b-20130326_205255,0,0.0,6,0.05146666666666667,0.6666666666666666,0.0,-0.006386939,-0.038321633,1
voip-e0035cc31b-20130326_210405,2,0.25,16,0.021099999999999994,0.375,0.125,-0.007664992124773562,-0.11497488187160343,1
voip-e2a895cfe5-20130325_233234,0,0.0,14,0.01102857142857143,0.14285714285714285,0.0,-0.0072013335,-0.10081867,1
voip-e2a895cfe5-20130326_232742,0,0.0,6,0.025733333333333334,0.3333333333333333,0.0,-0.004129238,-0.024775429,1
voip-e2a895cfe5-20130326_233655,4,0.4,20,0.05323333333333333,0.2222222222222222,0.0,-0.006155238,-0.12310476,1
voip-e30cb521fb-20130328_122635,2,0.25,16,0.26905,0.625,0.125,-0.0034444663,-0.05511146,1
voip-e3b4879e0d-20130326_022732,0,0.0,12,0.03323333333333334,0.3333333333333333,0.16666666666666666,-0.007454956,-0.08945947,1
voip-e54437a6f0-20130325_131749,0,0.0,8,0.1836,0.75,0.0,-0.0054140734,-0.043312587,1
voip-e54437a6f0-20130325_133648,9,0.6428571428571429,28,0.15184999999999998,0.5,0.08333333333333333,-0.005960981348135437,-0.15498551505152136,1
voip-e54437a6f0-20130325_140347,0,0.0,12,0.10818333333333334,0.3333333333333333,0.0,-0.004423894533167847,-0.04866283986484632,1
voip-e54437a6f0-20130325_141052,2,0.25,16,0.0193,0.25,0.0,-0.007977047,-0.12763275,1
voip-e54437a6f0-20130326_195047,8,0.4444444444444444,36,-0.01857777777777778,0.16666666666666666,0.16666666666666666,-0.006628466,-0.23862477,1
voip-e54437a6f0-20130326_195611,4,0.5,16,0.059887499999999996,0.25,0.0,-0.0066095996,-0.10575359,1
voip-e61fa89add-20130326_011204,2,0.2222222222222222,18,0.0,0.0,0.0,-0.003891276,-0.07004297,1
voip-e61fa89add-20130326_100409,2,0.4,10,0.07464,0.4,0.0,-0.006824539,-0.06824539,1
voip-e72dba1759-20130325_204601,0,0.0,16,0.0659,0.3333333333333333,0.0,-0.005069659170158047,-0.07604488755237071,1
voip-e72dba1759-20130325_210917,4,0.3333333333333333,24,0.093,0.25,0.125,-0.004711651026313616,-0.10365632257889956,1
voip-e72dba1759-20130326_221205,5,0.5,20,0.055499999999999994,0.2,0.0,-0.002522942185781798,-0.047935901529854164,1
voip-e72dba1759-20130326_223506,0,0.0,6,0.025733333333333334,0.3333333333333333,0.0,-0.007915455,-0.047492728,1
voip-e8997b10da-20130327_200112,0,0.0,14,0.044585714285714284,0.2857142857142857,0.14285714285714285,-0.005864032,-0.08209645,1
voip-e8997b10da-20130329_000534,0,0.0,10,0.059199999999999996,0.2,0.0,-0.005413596,-0.05413596,1
voip-e8997b10da-20130329_011626,0,0.0,14,0.22517142857142858,0.7142857142857143,0.14285714285714285,-0.0035411182,-0.049575657,1
voip-e8997b10da-20130401_151850,0,0.0,12,0.0012500000000000011,0.3333333333333333,0.16666666666666666,-0.0067618634,-0.08114236,1
voip-e8997b10da-20130401_152019,7,0.5,28,0.13579285714285713,0.5,0.21428571428571427,-0.006396347,-0.17909773,1
voip-e99e4f4538-20130327_140746,4,0.4444444444444444,18,0.0423,0.3333333333333333,0.0,-0.008224494,-0.14804089,1
voip-e9b53d6ace-20130324_222642,0,0.0,8,0.0193,0.25,0.0,-0.0073007992,-0.058406394,1
voip-e9b53d6ace-20130324_223300,2,0.4,10,0.0386,0.5,0.0,-0.00478262,-0.0478262,1
voip-e9b53d6ace-20130401_184931,0,0.0,10,0.011620000000000002,0.2,0.2,-0.0037328242,-0.037328243,1
voip-e9b53d6ace-20130401_205843,2,0.25,16,0.007262500000000001,0.125,0.125,-0.0023373726522549986,-0.03506058978382498,1
voip-eaef6f434c-20130323_025316,2,0.4,10,0.09581999999999999,0.4,0.0,-0.0038062972,-0.03806297,1
voip-ec87351630-20130328_162752,2,0.3333333333333333,12,0.001983333333333337,0.3333333333333333,0.3333333333333333,-0.006840082520449703,-0.07524090772494674,1
voip-ef9aa63b85-20130328_211048,2,0.2,20,0.025179999999999998,0.2,0.2,-0.006750181937700529,-0.12825345681631006,1
voip-ef9aa63b85-20130329_125741,2,0.2857142857142857,14,-0.01371428571428571,0.2857142857142857,0.2857142857142857,-0.005786329,-0.081008606,1
voip-ef9aa63b85-20130329_131544,5,0.4166666666666667,24,-0.03216666666666667,0.3333333333333333,0.3333333333333333,-0.007005188957049066,-0.16111934601212852,1
voip-f091d0e461-20130327_210252,0,0.0,14,0.0969857142857143,0.42857142857142855,0.0,-0.0038574091740883887,-0.05014631926314905,1
voip-f091d0e461-20130327_210653,0,0.0,14,0.13799999999999998,0.42857142857142855,0.0,-0.002907677,-0.04070748,1
voip-f091d0e461-20130327_211146,0,0.0,10,0.13957999999999998,0.4,0.0,-0.005963681,-0.05963681,1
voip-f113dbb0e1-20130327_173842,3,0.3,20,0.008577777777777778,0.1111111111111111,0.0,-0.004744961,-0.09489922,1
voip-f17e3b578c-20130328_174111,0,0.0,14,0.01102857142857143,0.14285714285714285,0.0,-0.003529464687184932,-0.04588304093340412,1
voip-f1e8236264-20130323_004442,0,0.0,10,-0.062060000000000004,0.2,0.2,-0.0050097904,-0.050097905,1
voip-f22c2bf9c7-20130326_193956,7,0.7,20,0.03954,0.2,0.0,-0.006481718232144455,-0.12315264641074464,1
voip-f22c2bf9c7-20130328_115849,4,0.8,10,-0.059199999999999996,0.0,0.2,-0.0029249492,-0.029249491,1
voip-f22c2bf9c7-20130328_165410,0,0.0,12,0.07984999999999999,0.3333333333333333,0.0,-0.006820841,-0.0818501,1
voip-f32f2cfdae-20130327_013132,2,0.25,16,0.039325,0.25,0.125,-0.0073754666,-0.118007466,1
voip-f32f2cfdae-20130327_014457,0,0.0,8,0.0193,0.25,0.0,-0.006115265,-0.04892212,1
voip-fbd422ad18-20130328_181748,2,0.25,16,0.059887499999999996,0.25,0.0,-0.0047213826,-0.07554212,1
voip-fbd422ad18-20130328_184603,0,0.0,12,-0.06458333333333334,0.0,0.16666666666666666,-0.00474483,-0.05693796,1
voip-fbd422ad18-20130328_185340,8,0.6666666666666666,24,0.0064333333333333334,0.08333333333333333,0.0,-0.007541493,-0.18099584,1
voip-fdf8b50918-20130329_013925,2,0.25,16,-0.06458333333333334,0.0,0.16666666666666666,-0.004650861,-0.07441378,1
voip-fdf8b50918-20130329_042348,2,0.4,10,-0.005259999999999998,0.2,0.2,-0.0062467097,-0.0624671,1
voip-fe2783c40a-20130401_144037,2,0.3333333333333333,12,0.0,0.0,0.0,-0.002734034932059744,-0.030074384252657183,1
voip-fe4b6ef58f-20130325_224823,2,0.3333333333333333,12,0.011620000000000002,0.2,0.2,-0.008064246,-0.09677095,1
voip-fe4b6ef58f-20130325_233144,0,0.0,10,0.01544,0.2,0.0,-0.0073933415,-0.073933415,1
voip-fe4b6ef58f-20130325_233912,4,0.4,20,0.09061999999999999,0.4,0.0,-0.006602515994975539,-0.12544780390453525,1
voip-fe4b6ef58f-20130325_234625,0,0.0,16,-0.0032874999999999988,0.125,0.125,-0.006630831886598442,-0.09283164641237818,1
